1,JD,Magnitude
0,2402348.0,3.62
1,2402378.0,3.7
4,2402386.0,4.18
5,2402396.0,3.96
6,2402399.0,3.97
7,2402402.0,4.4
8,2402406.0,3.6
9,2402407.0,3.8
10,2402408.0,4.24
11,2402410.0,4.3
14,2402412.0,3.57
15,2402415.0,4.12
16,2402416.0,4.25
17,2402420.0,3.82
18,2402421.0,3.65
19,2402422.0,3.85
20,2402423.0,4.35
21,2402424.0,4.4
22,2402425.0,3.95
23,2402428.0,3.84
24,2402430.0,4.22
25,2402431.0,4.38
26,2402434.0,3.6
29,2402440.0,3.52
30,2402445.0,4.45
31,2402447.0,3.6
32,2402448.0,3.57
35,2402451.0,4.2
36,2402458.0,4.4
37,2402468.0,3.87
38,2402469.0,3.53
39,2402473.0,4.38
40,2402486.0,3.8
41,2402487.0,4.2
42,2402488.0,4.25
43,2402492.0,3.8
44,2402494.0,3.95
45,2402495.0,4.3
46,2402496.0,4.4
47,2402497.0,3.85
48,2402500.0,3.65
49,2402501.0,3.86
50,2402502.0,4.35
51,2402504.0,3.65
52,2402517.0,4.35
53,2402523.0,4.3
54,2402526.0,3.66
55,2402554.0,3.95
56,2402584.0,3.55
57,2402586.0,3.71
58,2402593.0,3.83
59,2402594.0,3.93
60,2402717.0,4.25
61,2402718.0,4.23
62,2402719.0,4.4
63,2402720.0,3.8
64,2402725.0,4.2
65,2402729.0,3.6
66,2402739.0,4.4
67,2402740.0,4.3
68,2402742.0,3.85
71,2402746.0,3.95
72,2402748.0,4.0
73,2402755.0,4.18
74,2402756.0,3.5
75,2402759.0,4.12
76,2402760.0,4.25
77,2402762.0,3.98
78,2402763.0,3.95
79,2402764.0,3.65
80,2402773.0,3.9
81,2402774.0,4.2
82,2402790.0,4.36
83,2402794.0,3.8
84,2402808.0,3.76
85,2402837.0,4.12
86,2402839.0,4.4
87,2402873.0,3.6
88,2402874.0,3.9
89,2402875.0,4.12
90,2402876.0,4.3
91,2402877.0,3.95
92,2402878.0,3.55
93,2402879.0,3.65
94,2402881.0,3.95
95,2402882.0,4.35
96,2402883.0,4.4
97,2402885.0,3.6
98,2402887.0,3.7
99,2402901.0,3.7
100,2402916.0,3.62
101,2402934.0,3.95
102,2402935.0,3.65
103,2402937.0,3.55
104,2402944.0,3.8
105,2403070.0,4.25
106,2403075.0,3.65
107,2403098.0,4.08
108,2403101.0,3.55
109,2403112.0,4.35
110,2403115.0,3.56
111,2403116.0,3.65
112,2403118.0,4.2
113,2403119.0,4.37
114,2403120.0,4.38
115,2403124.0,3.9
116,2403127.0,4.25
117,2403128.0,4.27
118,2403130.0,3.6
121,2403146.0,3.8
122,2403147.0,4.25
123,2403148.0,4.38
124,2403151.0,3.6
125,2403155.0,4.38
126,2403156.0,4.38
127,2403159.0,3.85
128,2403161.0,4.12
129,2403167.0,3.63
130,2403168.0,4.18
131,2403169.0,4.25
132,2403170.0,4.4
133,2403174.0,3.68
134,2403176.0,4.13
135,2403189.0,3.66
136,2403190.0,4.1
137,2403192.0,4.3
138,2403193.0,4.15
139,2403213.0,4.37
140,2403219.0,4.05
141,2403442.0,4.1
142,2403453.0,3.53
143,2403456.0,4.06
144,2403457.0,4.18
145,2403462.0,3.7
146,2403466.0,4.1
147,2403469.0,3.6
148,2403470.0,3.7
149,2403472.0,4.15
152,2403475.0,3.6
153,2403480.0,4.35
154,2403496.0,3.6
155,2403497.0,3.65
156,2403498.0,3.77
157,2403499.0,4.15
158,2403500.0,4.25
159,2403502.0,3.65
160,2403504.0,3.6
161,2403505.0,3.95
162,2403508.0,4.38
163,2403509.0,3.55
164,2403525.0,3.6
165,2403534.0,4.0
166,2403538.0,3.45
167,2403539.0,3.55
168,2403540.0,3.7
169,2403851.0,4.07
170,2403856.0,3.85
171,2403857.0,4.1
172,2403869.0,3.76
175,2403876.0,3.6
176,2403877.0,3.63
177,2403878.0,3.8
178,2403882.0,3.6
179,2403883.0,3.6
180,2403884.0,3.88
181,2403889.0,3.6
182,2403890.0,3.55
183,2403891.0,3.6
184,2403893.0,4.15
185,2403897.0,3.55
186,2403900.0,4.15
187,2403901.0,4.1
188,2403902.0,4.3
189,2403908.0,4.35
190,2403909.0,4.35
191,2403911.0,3.6
192,2403914.0,3.9
193,2403917.0,4.38
194,2403921.0,3.6
195,2403923.0,4.37
196,2403934.0,3.65
197,2403935.0,3.8
198,2403936.0,3.9
199,2403937.0,4.18
200,2403938.0,4.25
201,2403939.0,4.36
202,2403941.0,3.63
203,2403942.0,3.5
204,2403944.0,3.85
205,2403945.0,4.4
206,2403948.0,3.6
207,2403949.0,3.58
208,2403952.0,4.27
209,2403967.0,4.25
210,2403969.0,3.53
211,2403970.0,3.6
212,2403972.0,3.95
213,2403977.0,3.53
214,2403978.0,3.57
215,2403981.0,4.38
216,2403982.0,4.25
217,2403983.0,3.6
218,2403987.0,4.24
219,2403998.0,3.63
220,2404012.0,3.6
221,2404014.0,4.0
222,2404025.0,4.36
223,2404033.0,3.7
224,2404037.0,4.15
225,2404039.0,4.36
226,2404041.0,3.6
227,2404042.0,3.65
228,2404045.0,4.13
229,2404049.0,3.55
230,2404053.0,4.4
231,2404062.0,3.6
232,2404175.0,4.36
233,2404176.0,4.35
234,2404191.0,4.02
235,2404192.0,3.6
236,2404199.0,3.65
237,2404201.0,4.0
238,2404204.0,4.38
239,2404209.0,4.1
240,2404210.0,4.35
243,2404214.0,3.55
244,2404216.0,4.1
245,2404219.0,3.8
246,2404229.0,3.67
247,2404231.0,4.12
248,2404232.0,4.36
249,2404233.0,4.0
252,2404235.0,3.55
253,2404237.0,3.95
254,2404238.0,3.93
255,2404239.0,4.38
256,2404242.0,3.53
257,2404243.0,3.53
258,2404248.0,4.12
259,2404249.0,3.5
260,2404250.0,3.65
261,2404251.0,3.8
262,2404253.0,4.24
263,2404254.0,4.18
264,2404256.0,3.56
265,2404258.0,3.9
266,2404259.0,4.1
267,2404262.0,4.07
268,2404263.0,3.53
269,2404266.0,4.12
270,2404267.0,4.4
271,2404268.0,4.38
272,2404276.0,4.05
273,2404279.0,3.65
274,2404288.0,4.18
275,2404290.0,4.24
276,2404291.0,3.95
277,2404292.0,3.5
278,2404294.0,3.65
279,2404302.0,3.9
280,2404304.0,4.4
281,2404305.0,3.8
284,2404307.0,3.65
285,2404310.0,4.3
286,2404311.0,4.3
287,2404314.0,3.6
290,2404332.0,4.38
291,2404333.0,4.38
294,2404335.0,3.55
295,2404336.0,3.6
296,2404337.0,3.8
297,2404338.0,4.0
298,2404339.0,4.18
299,2404340.0,4.25
300,2404341.0,4.07
301,2404342.0,3.55
302,2404346.0,3.85
303,2404348.0,3.9
304,2404354.0,4.3
305,2404356.0,3.55
306,2404364.0,3.5
307,2404366.0,3.7
308,2404369.0,4.25
309,2404371.0,3.6
310,2404372.0,3.63
311,2404373.0,3.8
312,2404375.0,4.25
313,2404377.0,3.6
314,2404383.0,4.05
315,2404391.0,3.9
316,2404398.0,4.2
317,2404399.0,3.57
318,2404555.0,4.07
319,2404562.0,4.27
320,2404563.0,4.24
321,2404565.0,3.6
322,2404568.0,4.07
323,2404570.0,4.24
324,2404571.0,4.35
325,2404572.0,3.65
326,2404573.0,3.55
327,2404574.0,3.6
328,2404576.0,4.2
329,2404577.0,4.4
330,2404579.0,3.63
331,2404590.0,4.3
332,2404594.0,3.65
333,2404595.0,3.7
334,2404608.0,3.65
335,2404616.0,3.6
336,2404623.0,3.6
337,2404624.0,3.63
338,2404625.0,3.7
339,2404626.0,4.0
340,2404630.0,3.55
341,2404641.0,4.25
342,2404647.0,4.2
343,2404648.0,4.3
344,2404649.0,4.15
345,2404650.0,3.57
346,2404651.0,3.55
347,2404652.0,3.63
348,2404657.0,3.6
349,2404658.0,3.5
350,2404660.0,3.65
351,2404661.0,3.85
352,2404663.0,4.5
353,2404664.0,4.1
354,2404665.0,3.5
355,2404666.0,3.65
356,2404667.0,3.77
357,2404668.0,3.93
358,2404669.0,3.87
359,2404670.0,4.3
360,2404675.0,3.8
361,2404676.0,4.27
362,2404677.0,4.4
363,2404678.0,4.25
364,2404679.0,3.85
365,2404680.0,3.6
366,2404681.0,3.65
367,2404682.0,3.78
368,2404683.0,4.0
369,2404691.0,4.44
370,2404705.0,4.2
371,2404706.0,4.3
372,2404707.0,3.75
373,2404713.0,4.35
374,2404715.0,3.6
375,2404716.0,3.45
376,2404717.0,3.6
377,2404718.0,3.7
378,2404721.0,4.05
379,2404726.0,4.1
380,2404736.0,3.65
381,2404737.0,3.55
382,2404741.0,4.3
383,2404746.0,3.6
384,2404751.0,3.55
385,2404767.0,3.6
386,2404769.0,3.9
387,2404787.0,3.65
388,2404909.0,4.0
389,2404933.0,3.6
390,2404960.0,3.5
391,2404970.0,3.85
392,2404981.0,3.6
393,2404982.0,3.6
396,2405000.0,4.42
397,2405001.0,3.75
398,2405002.0,3.54
399,2405017.0,3.55
402,2405019.0,3.65
405,2405021.0,4.18
406,2405022.0,4.35
409,2405024.0,3.5
410,2405026.0,3.66
411,2405027.0,3.85
416,2405034.0,3.85
417,2405035.0,4.2
422,2405040.0,3.6
423,2405041.0,3.8
424,2405042.0,4.25
425,2405043.0,4.45
432,2405049.0,4.24
436,2405054.0,3.65
437,2405056.0,4.05
440,2405058.0,4.35
441,2405059.0,3.63
442,2405060.0,3.5
447,2405064.0,3.9
448,2405067.0,3.54
451,2405077.0,4.0
454,2405083.0,3.75
455,2405089.0,3.6
456,2405090.0,3.66
457,2405102.0,3.63
460,2405106.0,3.75
461,2405113.0,3.85
462,2405119.0,3.6
463,2405124.0,3.55
464,2405131.0,3.53
465,2405251.0,4.35
466,2405338.0,4.12
467,2405418.0,3.6
470,2405423.0,4.4
475,2405426.0,3.45
482,2405431.0,4.28
485,2405434.0,3.75
488,2405439.0,3.8
489,2405441.0,3.57
490,2405442.0,3.55
491,2405444.0,3.8
498,2405459.0,4.35
501,2405466.0,4.3
502,2405467.0,4.38
503,2405468.0,3.78
504,2405471.0,3.55
505,2405472.0,3.7
506,2405474.0,4.3
513,2405482.0,4.15
514,2405489.0,4.15
515,2405494.0,4.05
516,2405495.0,4.4
517,2405500.0,3.75
518,2405501.0,4.05
519,2405502.0,4.25
520,2405503.0,4.25
521,2405504.0,4.0
522,2405512.0,3.6
523,2405622.0,3.75
524,2405635.0,3.55
525,2405636.0,3.65
526,2405652.0,4.15
529,2405665.0,3.65
530,2405666.0,3.7
531,2405671.0,3.65
532,2405686.0,3.7
533,2405687.0,3.9
534,2405690.0,4.4
537,2405699.0,3.55
538,2405700.0,3.65
539,2405706.0,3.6
540,2405707.0,3.6
541,2405708.0,3.65
542,2405709.0,3.85
543,2405710.0,4.1
546,2405713.0,3.5
547,2405714.0,3.5
550,2405718.0,4.3
553,2405720.0,3.8
554,2405722.0,3.6
557,2405724.0,4.1
560,2405735.0,3.6
564,2405738.0,4.18
565,2405742.0,3.6
569,2405744.0,3.65
570,2405749.0,3.45
571,2405751.0,3.65
572,2405754.0,4.46
576,2405756.0,3.5
577,2405757.0,3.6
581,2405759.0,4.17
582,2405766.0,3.85
583,2405775.0,4.35
588,2405788.0,4.4
591,2405792.0,3.6
592,2405794.0,3.7
593,2405795.0,3.9
596,2405802.0,4.12
599,2405806.0,3.55
600,2405810.0,4.2
601,2405811.0,4.4
604,2405820.0,3.95
605,2405824.0,4.3
606,2405839.0,4.45
607,2405853.0,3.85
608,2406023.0,3.6
609,2406043.0,3.6
610,2406073.0,3.8
611,2406081.0,3.6
612,2406098.0,4.45
617,2406143.0,4.07
618,2406144.0,3.5
619,2406146.0,4.15
620,2406147.0,4.1
621,2406148.0,4.35
622,2406149.0,4.35
623,2406151.0,3.55
624,2406152.0,3.6
625,2406165.0,3.55
626,2406196.0,3.65
627,2406201.0,3.7
628,2406205.0,4.4
629,2406238.0,3.75
630,2406239.0,4.0
631,2406241.0,4.3
632,2406242.0,4.4
633,2411892.0,4.1
634,2411948.0,4.1
635,2414843.0,3.9
636,2414852.0,4.1
637,2414876.0,4.0
638,2414895.0,4.1
639,2414898.0,3.9
640,2414901.0,3.9
641,2414902.0,4.1
642,2414930.0,4.0
643,2415196.0,4.1
644,2415218.0,4.3
645,2415224.0,3.8
646,2415226.0,4.2
647,2415229.0,3.6
648,2415231.0,3.6
649,2415236.0,3.8
650,2415237.0,3.6
651,2415244.0,3.4
654,2415246.0,3.8
657,2415248.0,4.3
658,2415249.0,4.1
659,2415250.0,3.7
660,2415254.0,4.1
661,2415255.0,4.1
664,2415258.0,3.7
671,2415268.0,3.8
672,2415269.0,4.2
675,2415280.0,3.9
676,2415282.0,4.1
679,2415288.0,3.7
680,2415291.0,3.9
684,2415295.0,3.7
685,2415296.0,3.8
686,2415297.0,4.2
687,2415298.0,4.1
688,2415300.0,3.8
689,2415301.0,3.5
690,2415305.0,4.3
691,2415306.0,4.1
692,2415307.0,4.0
695,2415311.0,4.1
699,2415316.0,3.6
700,2415319.0,4.2
706,2415334.0,4.2
707,2415335.0,4.3
710,2415339.0,4.0
713,2415347.0,4.1
714,2415349.0,4.4
715,2415351.0,3.7
716,2415361.0,4.1
717,2415364.0,4.1
720,2415369.0,4.2
721,2415370.0,4.3
722,2415371.0,4.3
723,2415373.0,4.1
724,2415525.0,3.8
725,2415547.0,3.9
726,2415559.0,3.6
727,2415563.0,4.1
728,2415573.0,3.6
729,2415575.0,4.0
730,2415576.0,4.1
731,2415577.0,4.1
732,2415581.0,3.5
737,2415584.0,4.1
741,2415588.0,3.5
742,2415593.0,4.1
743,2415594.0,4.1
744,2415604.0,4.0
745,2415605.0,4.1
746,2415606.0,4.1
749,2415610.0,3.6
750,2415612.0,4.1
751,2415615.0,4.2
752,2415616.0,4.2
753,2415617.0,3.6
754,2415618.0,3.9
755,2415619.0,4.2
756,2415633.0,3.9
757,2415637.0,4.1
758,2415641.0,3.5
759,2415643.0,4.2
760,2415646.0,3.7
761,2415661.0,3.7
764,2415663.0,4.3
765,2415664.0,4.1
768,2415667.0,3.6
769,2415669.0,4.0
770,2415671.0,4.0
778,2415680.0,4.0
779,2415683.0,3.6
780,2415684.0,3.6
781,2415687.0,3.7
782,2415688.0,3.8
785,2415692.0,4.1
786,2415700.0,4.1
787,2415705.0,3.7
788,2415706.0,4.1
789,2415709.0,3.6
790,2415710.0,3.6
791,2415711.0,4.3
792,2415714.0,4.1
793,2415715.0,4.1
794,2415717.0,3.6
795,2415869.0,4.08
796,2415877.0,3.72
797,2415883.0,3.72
798,2415884.0,4.28
799,2415885.0,3.92
800,2415897.0,3.92
801,2415901.0,4.42
802,2415902.0,4.92
803,2415903.0,4.67
804,2415904.0,4.08
805,2415907.0,3.84
806,2415910.0,4.08
807,2415911.0,3.92
808,2415915.0,4.63
809,2415918.0,3.64
810,2415926.0,4.23
811,2415927.0,3.9
814,2415929.0,4.38
818,2415933.0,4.0
819,2415934.0,3.6
822,2415962.0,4.08
823,2415965.0,4.51
824,2415967.0,4.38
825,2415972.0,4.43
826,2415977.0,4.08
827,2415982.0,3.84
828,2415984.0,4.32
829,2415987.0,4.87
830,2415990.0,3.79
831,2415996.0,4.26
832,2415999.0,4.38
835,2416003.0,3.8
836,2416005.0,4.0
837,2416006.0,4.0
838,2416015.0,4.38
839,2416016.0,4.92
840,2416021.0,3.96
841,2416022.0,4.47
842,2416025.0,4.08
843,2416031.0,4.3
844,2416033.0,3.4
845,2416037.0,4.1
846,2416038.0,4.1
847,2416044.0,4.2
848,2416066.0,4.1
849,2416072.0,4.3
850,2416073.0,4.51
851,2416080.0,4.55
852,2416082.0,4.1
853,2416086.0,3.9
854,2416089.0,4.08
855,2416090.0,3.96
856,2416233.0,4.43
857,2416238.0,4.52
858,2416240.0,4.51
859,2416243.0,4.28
860,2416258.0,4.2
861,2416260.0,4.47
862,2416261.0,4.67
863,2416262.0,4.47
864,2416263.0,3.8
865,2416266.0,4.28
866,2416268.0,4.81
867,2416274.0,4.55
868,2416281.0,4.5
869,2416287.0,4.49
870,2416292.0,4.24
871,2416293.0,4.08
872,2416295.0,4.29
873,2416296.0,4.46
874,2416299.0,4.43
875,2416301.0,4.08
876,2416348.0,3.6
877,2416367.0,3.97
878,2416372.0,4.67
879,2416375.0,4.24
880,2416377.0,4.51
881,2416378.0,3.96
882,2416379.0,4.08
883,2416382.0,4.08
884,2416383.0,4.55
885,2416384.0,4.28
886,2416386.0,3.86
887,2416393.0,4.24
888,2416403.0,4.2
889,2416410.0,4.54
890,2416433.0,4.5
893,2416437.0,4.0
894,2416461.0,4.43
895,2416591.0,4.52
896,2416592.0,4.5
897,2416613.0,4.67
898,2416620.0,4.67
899,2416621.0,4.08
900,2416627.0,4.67
901,2416637.0,3.97
902,2416641.0,4.51
903,2416645.0,4.08
904,2416649.0,4.51
907,2416663.0,4.47
908,2416664.0,3.71
909,2416666.0,3.9
910,2416667.0,4.0
911,2416668.0,4.2
912,2416669.0,4.6
913,2416670.0,4.4
914,2416671.0,3.8
915,2416673.0,3.6
916,2416674.0,4.0
917,2416677.0,4.5
918,2416678.0,4.1
919,2416679.0,3.7
920,2416680.0,3.6
921,2416681.0,3.7
922,2416682.0,3.8
925,2416698.0,4.2
928,2416703.0,4.2
929,2416706.0,4.51
930,2416707.0,3.6
931,2416708.0,4.08
932,2416710.0,4.1
933,2416713.0,4.47
934,2416720.0,4.56
939,2416723.0,3.8
940,2416726.0,4.47
941,2416729.0,3.65
944,2416737.0,4.47
945,2416740.0,4.51
948,2416751.0,4.08
953,2416759.0,4.1
954,2416760.0,4.1
957,2416762.0,4.4
960,2416764.0,3.6
961,2416765.0,3.9
962,2416766.0,4.0
963,2416767.0,4.2
964,2416769.0,4.5
965,2416772.0,3.8
966,2416773.0,4.0
967,2416774.0,4.2
968,2416778.0,4.1
969,2416779.0,3.6
970,2416780.0,3.5
971,2416781.0,3.7
972,2416782.0,4.0
973,2416783.0,4.3
974,2416785.0,4.1
975,2416787.0,3.6
976,2416788.0,3.6
977,2416789.0,4.0
978,2416791.0,4.4
979,2416793.0,3.6
980,2416794.0,3.7
981,2416795.0,4.1
982,2416796.0,4.1
983,2416797.0,4.2
984,2416798.0,4.5
985,2416799.0,4.3
986,2416800.0,3.8
987,2416801.0,3.6
988,2416803.0,3.8
989,2416805.0,4.1
990,2416810.0,3.7
991,2416812.0,4.3
992,2416813.0,4.4
993,2416814.0,3.7
994,2416815.0,3.6
995,2416829.0,3.7
996,2416930.0,4.08
997,2416961.0,4.43
998,2416970.0,4.6
999,2416975.0,4.47
1000,2416976.0,4.47
1001,2416977.0,4.61
1002,2416983.0,4.46
1003,2416988.0,4.02
1004,2416989.0,3.59
1005,2416994.0,4.47
1006,2416996.0,4.08
1007,2417018.0,4.1
1008,2417019.0,4.2
1009,2417020.0,4.3
1010,2417021.0,4.2
1011,2417023.0,3.6
1012,2417024.0,3.8
1013,2417032.0,3.98
1020,2417037.0,3.5
1021,2417038.0,3.9
1028,2417044.0,4.14
1036,2417048.0,4.1
1037,2417050.0,4.1
1038,2417051.0,3.7
1043,2417054.0,3.7
1046,2417057.0,4.1
1047,2417059.0,3.6
1052,2417064.0,4.62
1053,2417068.0,3.8
1054,2417069.0,4.38
1055,2417072.0,4.38
1058,2417082.0,4.24
1059,2417092.0,4.1
1060,2417094.0,4.38
1061,2417095.0,3.7
1062,2417097.0,4.38
1063,2417101.0,3.9
1066,2417105.0,3.9
1067,2417106.0,4.47
1068,2417107.0,4.52
1069,2417108.0,4.1
1073,2417110.0,3.5
1077,2417113.0,4.3
1080,2417118.0,4.13
1081,2417119.0,3.9
1082,2417122.0,4.3
1086,2417125.0,3.8
1087,2417126.0,3.8
1088,2417127.0,4.1
1089,2417129.0,4.38
1090,2417132.0,3.7
1091,2417134.0,4.0
1092,2417136.0,3.8
1093,2417137.0,4.3
1094,2417139.0,3.2
1097,2417142.0,4.55
1103,2417148.0,4.0
1104,2417150.0,4.57
1105,2417151.0,4.38
1106,2417153.0,3.6
1107,2417156.0,4.2
1110,2417159.0,3.7
1111,2417160.0,4.18
1112,2417163.0,4.0
1113,2417165.0,3.9
1114,2417166.0,4.08
1115,2417169.0,3.9
1116,2417171.0,4.3
1123,2417178.0,4.47
1127,2417184.0,4.3
1128,2417185.0,4.4
1129,2417188.0,3.7
1130,2417190.0,4.29
1131,2417193.0,4.4
1132,2417194.0,4.0
1133,2417197.0,3.8
1134,2417198.0,4.28
1135,2417199.0,4.0
1136,2417205.0,3.9
1137,2417208.0,4.0
1138,2417209.0,3.9
1139,2417382.0,4.08
1140,2417394.0,4.67
1141,2417401.0,4.67
1142,2417405.0,4.08
1143,2417409.0,4.38
1144,2417411.0,3.96
1145,2417414.0,4.2
1146,2417415.0,4.67
1147,2417418.0,3.98
1148,2417420.0,4.14
1149,2417423.0,4.52
1150,2417429.0,4.51
1151,2417432.0,3.96
1152,2417436.0,4.29
1153,2417445.0,4.67
1154,2417452.0,4.55
1155,2417491.0,3.95
1156,2417494.0,4.38
1157,2417495.0,4.67
1158,2417496.0,4.13
1159,2417498.0,3.98
1160,2417506.0,4.08
1161,2417507.0,4.24
1162,2417532.0,4.03
1163,2417537.0,4.51
1164,2417546.0,4.18
1165,2417552.0,4.51
1166,2417564.0,4.33
1167,2417566.0,4.5
1168,2417567.0,4.47
1169,2417707.0,4.2
1170,2417708.0,4.14
1171,2417718.0,4.53
1172,2417736.0,4.08
1175,2417749.0,3.71
1176,2417760.0,4.57
1177,2417763.0,3.71
1178,2417764.0,3.75
1179,2417798.0,3.72
1180,2417799.0,3.96
1181,2417804.0,4.42
1182,2417807.0,4.4
1183,2417815.0,4.25
1186,2417818.0,4.58
1187,2417819.0,4.08
1188,2417823.0,4.38
1189,2417827.0,3.96
1190,2417828.0,4.08
1191,2417829.0,4.08
1192,2417830.0,4.38
1193,2417837.0,4.2
1194,2417839.0,4.55
1195,2417843.0,4.24
1196,2417844.0,4.38
1197,2417845.0,4.38
1198,2417846.0,4.71
1199,2417853.0,4.51
1200,2417861.0,4.5
1201,2417863.0,3.98
1202,2417881.0,4.53
1203,2417882.0,4.44
1204,2417884.0,3.92
1205,2417888.0,4.4
1206,2417891.0,4.08
1207,2417902.0,4.54
1208,2417910.0,4.5
1209,2417916.0,4.23
1210,2417919.0,4.4
1211,2417920.0,4.08
1212,2417926.0,4.47
1213,2417934.0,4.3
1214,2417938.0,4.3
1215,2418057.0,3.37
1216,2418062.0,4.54
1217,2420387.0,4.6
1218,2420390.0,4.2
1219,2420391.0,4.1
1220,2420392.0,4.0
1221,2420393.0,4.2
1222,2420395.0,4.5
1223,2420396.0,4.2
1224,2420400.0,4.4
1225,2420401.0,4.4
1226,2420403.0,4.1
1227,2420404.0,4.1
1228,2420408.0,4.1
1229,2420412.0,4.0
1230,2420413.0,4.3
1231,2420414.0,4.6
1232,2420416.0,4.3
1233,2420417.0,4.1
1234,2420418.0,4.0
1235,2420419.0,4.2
1236,2420420.0,4.2
1237,2420421.0,4.4
1238,2420422.0,4.5
1239,2420423.0,4.5
1240,2420424.0,4.8
1241,2420425.0,4.2
1242,2420428.0,4.1
1243,2420429.0,4.5
1244,2420430.0,4.5
1245,2420431.0,4.5
1246,2420432.0,4.2
1247,2420433.0,3.8
1248,2420434.0,4.0
1249,2420435.0,3.6
1250,2420437.0,3.6
1251,2420440.0,3.7
1252,2420441.0,3.7
1253,2420442.0,4.2
1254,2420443.0,4.2
1255,2420444.0,4.6
1256,2420445.0,4.6
1257,2420446.0,4.2
1258,2420450.0,4.4
1259,2420451.0,4.4
1260,2420452.0,4.3
1261,2420453.0,4.2
1262,2420454.0,4.1
1263,2420455.0,4.0
1264,2420456.0,4.2
1265,2420457.0,4.4
1266,2420458.0,4.6
1267,2420459.0,4.6
1268,2420460.0,4.9
1269,2420461.0,4.1
1270,2420474.0,4.6
1271,2420475.0,4.2
1272,2420477.0,4.3
1273,2420478.0,4.4
1274,2420480.0,4.5
1275,2420481.0,4.7
1276,2420482.0,4.2
1277,2420634.0,4.1
1278,2420640.0,3.7
1279,2420662.0,4.0
1280,2420665.0,4.1
1281,2420666.0,4.1
1282,2420667.0,4.0
1283,2420668.0,4.2
1284,2420672.0,4.5
1285,2420682.0,4.5
1286,2420683.0,4.0
1287,2420684.0,3.9
1292,2420688.0,4.4
1293,2420690.0,4.1
1296,2420692.0,4.1
1297,2420693.0,4.2
1298,2420694.0,4.4
1299,2420695.0,4.3
1300,2420698.0,4.1
1301,2420700.0,4.0
1302,2420702.0,4.6
1303,2420707.0,3.8
1304,2420708.0,4.1
1305,2420710.0,4.6
1306,2420711.0,4.3
1307,2420717.0,4.7
1308,2420718.0,4.4
1309,2420719.0,4.0
1310,2420720.0,3.8
1313,2420722.0,4.2
1314,2420723.0,4.4
1315,2420724.0,4.4
1316,2420725.0,4.5
1317,2420726.0,4.2
1318,2420727.0,3.7
1323,2420730.0,4.1
1324,2420735.0,4.0
1325,2420736.0,3.9
1326,2420737.0,4.3
1327,2420739.0,4.8
1328,2420740.0,4.6
1329,2420741.0,3.6
1330,2420742.0,3.8
1331,2420745.0,4.2
1332,2420746.0,4.8
1333,2420747.0,4.3
1334,2420748.0,3.9
1335,2420749.0,3.9
1336,2420750.0,3.8
1337,2420751.0,4.2
1338,2420753.0,4.5
1339,2420754.0,4.6
1340,2420756.0,4.0
1341,2420757.0,3.9
1342,2420758.0,3.8
1343,2420759.0,4.5
1347,2421409.0,3.6
1348,2421410.0,3.7
1349,2421411.0,3.7
1350,2421414.0,3.8
1351,2421416.0,3.7
1352,2421417.0,4.0
1355,2421420.0,4.1
1356,2421422.0,3.6
1357,2421424.0,3.7
1358,2421425.0,3.9
1359,2421427.0,4.1
1362,2421430.0,3.7
1365,2421433.0,4.1
1366,2421434.0,4.1
1367,2421435.0,4.2
1368,2421438.0,3.7
1369,2421445.0,3.8
1370,2421449.0,4.1
1371,2421450.0,3.8
1372,2421453.0,3.7
1373,2421455.0,4.0
1374,2421457.0,3.4
1375,2421462.0,4.4
1376,2421463.0,4.4
1377,2421464.0,4.0
1378,2421469.0,4.0
1379,2421471.0,4.0
1380,2421474.0,3.9
1381,2421475.0,4.1
1386,2421478.0,4.1
1387,2421481.0,3.9
1388,2421482.0,3.8
1389,2421483.0,4.0
1392,2421487.0,3.4
1393,2421488.0,3.7
1394,2421489.0,3.8
1395,2421490.0,3.9
1396,2421492.0,4.3
1397,2421493.0,3.9
1403,2421498.0,4.3
1406,2421505.0,4.2
1407,2421508.0,3.7
1408,2421509.0,3.6
1411,2421513.0,4.2
1412,2421514.0,4.0
1415,2421517.0,3.6
1416,2421519.0,3.9
1417,2421520.0,4.1
1418,2421525.0,4.1
1419,2421528.0,4.5
1424,2421537.0,3.7
1425,2421543.0,4.0
1428,2421551.0,3.6
1431,2421553.0,3.8
1434,2421557.0,4.2
1435,2421565.0,3.7
1440,2421569.0,3.9
1441,2421571.0,4.2
1442,2421576.0,3.9
1443,2421578.0,4.2
1444,2421806.0,3.8
1445,2421807.0,4.0
1446,2421814.0,4.2
1447,2421815.0,4.3
1448,2421816.0,4.3
1449,2421818.0,3.7
1450,2421821.0,4.1
1451,2421822.0,4.3
1452,2421825.0,3.6
1453,2421830.0,4.1
1454,2421832.0,3.9
1455,2421833.0,3.8
1456,2422216.0,4.5
1457,2422220.0,3.5
1458,2422223.0,3.6
1459,2422226.0,3.5
1460,2422229.0,4.0
1461,2422231.0,4.4
1462,2423728.0,3.9
1463,2423979.0,4.0
1464,2424000.0,3.9
1465,2424005.0,4.0
1466,2424020.0,3.6
1467,2424032.0,4.6
1468,2424033.0,4.5
1471,2424118.0,4.5
1472,2427716.0,4.4
1473,2427718.0,3.9
1474,2427719.0,4.2
1490,2427732.0,3.8
1495,2427738.0,3.8
1511,2427754.0,4.6
1514,2427758.0,3.9
1523,2427781.0,4.2
1528,2427799.0,4.4
1529,2427802.0,3.9
1530,2428390.0,3.8
1531,2428391.0,3.8
1532,2431612.0,3.7
1533,2431635.0,3.7
1534,2431636.0,3.8
1535,2431637.0,3.9
1536,2431657.0,3.8
1537,2431664.0,3.8
1538,2431665.0,3.8
1539,2431669.0,4.3
1540,2431673.0,3.8
1541,2431674.0,4.2
1542,2431675.0,4.2
1543,2431676.0,4.3
1544,2431677.0,3.8
1545,2431679.0,3.8
1546,2431683.0,3.9
1547,2431695.0,3.9
1548,2431696.0,4.2
1549,2431697.0,4.3
1550,2431698.0,4.0
1551,2431710.0,4.0
1552,2431711.0,4.1
1553,2431713.0,4.2
1554,2431723.0,3.6
1555,2431730.0,4.0
1556,2431731.0,4.2
1557,2431734.0,3.8
1558,2431735.0,3.7
1559,2431736.0,3.7
1560,2431737.0,4.0
1561,2431738.0,4.1
1562,2431739.0,4.3
1563,2431740.0,4.2
1564,2431741.0,4.2
1565,2431753.0,4.3
1566,2431754.0,4.2
1567,2431756.0,4.2
1568,2431757.0,3.7
1569,2431758.0,4.2
1570,2431761.0,4.3
1571,2431762.0,4.2
1572,2431763.0,4.3
1573,2431764.0,3.4
1574,2431779.0,3.7
1575,2431781.0,4.1
1576,2431782.0,4.3
1577,2431791.0,4.4
1578,2431792.0,4.3
1579,2431793.0,3.7
1580,2431794.0,4.2
1581,2431798.0,4.3
1582,2431799.0,4.3
1583,2431800.0,3.9
1584,2431801.0,3.8
1585,2431802.0,4.0
1586,2431803.0,4.1
1587,2431807.0,4.1
1588,2431808.0,4.3
1589,2431809.0,3.9
1590,2432027.0,4.1
1591,2432029.0,4.7
1592,2432030.0,3.6
1593,2432031.0,4.0
1594,2432032.0,3.8
1595,2432037.0,3.6
1596,2432054.0,4.0
1597,2432056.0,4.2
1598,2432057.0,4.2
1599,2432058.0,4.0
1600,2432059.0,3.7
1601,2432060.0,3.7
1602,2432061.0,3.7
1603,2432064.0,4.1
1604,2432066.0,4.0
1605,2432068.0,4.1
1606,2432076.0,4.1
1607,2432078.0,4.2
1608,2432079.0,4.2
1609,2432080.0,3.7
1610,2432081.0,4.2
1611,2432083.0,4.1
1612,2432087.0,4.0
1613,2432090.0,4.1
1614,2432091.0,4.1
1615,2432093.0,4.3
1616,2432097.0,3.7
1617,2432100.0,4.0
1618,2432102.0,3.7
1619,2432103.0,3.7
1620,2432108.0,4.0
1621,2432110.0,4.0
1622,2432116.0,3.8
1623,2432141.0,4.2
1624,2432142.0,4.0
1625,2432144.0,3.6
1626,2432147.0,4.2
1627,2432317.0,4.0
1628,2432318.0,3.9
1631,2432326.0,3.8
1632,2432327.0,3.9
1633,2432328.0,4.1
1634,2432334.0,4.0
1635,2432335.0,4.0
1636,2432343.0,4.1
1637,2432344.0,4.1
1638,2432345.0,3.8
1639,2432346.0,3.8
1640,2432347.0,3.8
1641,2432348.0,4.0
1642,2432349.0,4.0
1643,2432350.0,4.1
1644,2432351.0,4.1
1645,2432352.0,3.9
1646,2432353.0,3.8
1647,2432354.0,3.8
1648,2432355.0,4.0
1649,2432356.0,4.0
1650,2432357.0,4.2
1651,2432358.0,4.2
1744,2432396.0,3.7
1755,2432399.0,4.1
1909,2432425.0,3.7
2119,2432461.0,3.8
2123,2432463.0,4.2
2157,2432470.0,4.2
2194,2432698.0,3.9
2197,2432701.0,4.3
2198,2432703.0,3.9
2206,2432716.0,4.2
2207,2432717.0,4.2
2222,2432723.0,4.2
2256,2432734.0,3.8
2260,2432736.0,4.0
2284,2432745.0,4.5
2296,2432749.0,3.8
2297,2432750.0,4.0
2321,2432761.0,3.8
2322,2432762.0,3.7
2331,2432765.0,4.3
2332,2432766.0,4.5
2337,2432768.0,4.1
2341,2432770.0,4.0
2377,2432780.0,4.4
2385,2432784.0,3.7
2432,2432800.0,3.7
2433,2432817.0,4.2
2434,2432822.0,3.9
2437,2432825.0,4.0
2440,2432956.0,3.8
2441,2432957.0,3.9
2442,2432965.0,3.8
2443,2432966.0,4.1
2444,2432969.0,4.2
2445,2432972.0,3.8
2446,2432975.0,4.4
2447,2433042.0,3.8
2448,2433085.0,4.0
2451,2433087.0,4.0
2472,2433106.0,3.7
2473,2433107.0,3.9
2482,2433124.0,3.9
2483,2433125.0,4.0
2492,2433130.0,3.9
2510,2433146.0,4.2
2511,2433148.0,4.1
2512,2433150.0,3.8
2513,2433151.0,3.8
2533,2433162.0,4.2
2534,2433172.0,4.0
2558,2433185.0,4.0
2559,2433187.0,4.2
2565,2433191.0,4.5
2570,2433212.0,4.5
2571,2433214.0,4.0
2572,2433215.0,4.1
2573,2433231.0,4.1
2574,2433240.0,4.2
2575,2433241.0,4.2
2576,2433242.0,3.8
2577,2433243.0,4.1
2578,2433245.0,4.2
2579,2433246.0,4.2
2580,2433256.0,4.1
2581,2433349.0,3.8
2582,2433439.0,4.1
2583,2433440.0,4.5
2584,2433441.0,4.5
2585,2433445.0,3.9
2586,2433452.0,3.8
2587,2433453.0,4.1
2588,2433454.0,4.3
2589,2433455.0,4.5
2593,2433465.0,3.8
2594,2433518.0,4.1
2598,2433528.0,4.4
2604,2434160.0,4.0
2605,2434161.0,3.7
2608,2434163.0,3.9
2609,2434164.0,4.1
2610,2434177.0,4.0
2619,2434188.0,4.3
2654,2434216.0,4.3
2661,2434220.0,3.8
2675,2434225.0,3.7
2676,2434226.0,3.8
2677,2434227.0,3.8
2678,2434228.0,3.9
2679,2434229.0,4.0
2680,2434230.0,4.1
2683,2434232.0,3.8
2684,2434233.0,3.7
2685,2434234.0,3.9
2686,2434235.0,3.8
2699,2434240.0,3.7
2727,2434248.0,3.8
2728,2434249.0,3.9
2729,2434250.0,4.0
2732,2434252.0,4.4
2733,2434253.0,4.3
2734,2434254.0,3.8
2735,2434255.0,3.7
2736,2434256.0,3.8
2737,2434257.0,4.0
2738,2434258.0,4.2
2739,2434259.0,4.2
2740,2434260.0,4.2
2741,2434618.0,4.4
2742,2434619.0,4.1
2743,2434620.0,3.5
2744,2434621.0,3.6
2753,2434626.0,4.2
2762,2434631.0,4.2
2763,2434633.0,4.2
2766,2434637.0,3.8
2767,2434643.0,3.7
2772,2434652.0,4.0
2775,2434654.0,4.6
2776,2434655.0,3.9
2777,2434656.0,3.7
2778,2434658.0,3.7
2783,2434661.0,4.3
2784,2434664.0,3.9
2785,2434666.0,4.3
2786,2434668.0,3.9
2787,2434671.0,3.6
2788,2434676.0,4.3
2789,2434680.0,3.8
2790,2434692.0,3.6
2791,2434693.0,3.8
2792,2434694.0,3.7
2793,2434696.0,4.4
2794,2434708.0,3.7
2795,2434920.0,4.1
2796,2434922.0,3.7
2797,2434924.0,3.9
2798,2434928.0,4.0
2799,2434929.0,3.8
2800,2434930.0,3.7
2801,2434938.0,3.7
2802,2434942.0,4.0
2803,2434944.0,3.7
2804,2434945.0,4.0
2805,2434948.0,4.3
2806,2434949.0,4.1
2807,2434951.0,3.6
2808,2434953.0,3.9
2809,2434955.0,4.2
2810,2434956.0,4.1
2811,2434957.0,3.7
2812,2434958.0,3.6
2813,2434960.0,4.0
2814,2434961.0,4.1
2815,2434964.0,3.8
2816,2434968.0,4.1
2817,2434972.0,3.7
2818,2434973.0,3.9
2819,2434974.0,3.7
2820,2434975.0,4.1
2825,2434985.0,4.1
2828,2434987.0,3.7
2829,2434990.0,4.3
2830,2434992.0,4.2
2831,2435002.0,3.8
2832,2435003.0,3.9
2835,2435005.0,4.4
2836,2435006.0,4.5
2837,2435007.0,3.8
2838,2435009.0,3.7
2842,2435012.0,4.1
2847,2435017.0,3.7
2850,2435029.0,3.7
2865,2435046.0,3.9
2866,2435051.0,3.7
2867,2435052.0,4.0
2868,2435061.0,3.7
2875,2435068.0,4.2
2876,2435093.0,3.9
2923,2435722.0,4.3
2924,2435724.0,4.5
2925,2435725.0,4.3
2926,2435728.0,3.7
2927,2435729.0,4.5
2928,2435739.0,3.9
2929,2435740.0,4.1
2930,2435743.0,4.3
2931,2435744.0,4.4
2932,2435745.0,4.5
2933,2435746.0,4.4
2934,2435748.0,4.3
2935,2435749.0,4.3
2936,2435755.0,3.7
2937,2435756.0,3.8
2938,2435758.0,4.7
2939,2436030.0,3.9
2940,2436035.0,3.7
2946,2436041.0,3.7
2947,2436042.0,3.8
2964,2436050.0,3.8
2972,2436053.0,4.3
2975,2436055.0,3.8
2978,2436057.0,3.9
2979,2436058.0,4.0
2980,2436061.0,4.1
2983,2436064.0,3.9
2984,2436065.0,3.9
2985,2436066.0,4.3
2986,2436067.0,4.2
2987,2436068.0,4.4
2997,2436073.0,4.1
3001,2436075.0,4.4
3002,2436076.0,3.8
3012,2436081.0,4.3
3013,2436082.0,4.4
3014,2436083.0,4.1
3015,2436094.0,4.2
3016,2436097.0,3.7
3017,2436113.0,4.0
3018,2436140.0,4.1
3019,2436752.0,3.4
3020,2436753.0,3.6
3021,2436760.0,3.8
3027,2436763.0,4.0
3028,2436764.0,4.1
3032,2436766.0,3.7
3038,2436769.0,4.0
3054,2436776.0,4.3
3067,2436780.0,4.0
3108,2436791.0,4.0
3123,2436797.0,4.0
3124,2436798.0,4.1
3125,2436799.0,4.3
3157,2436809.0,3.7
3182,2436815.0,4.4
3183,2436816.0,3.9
3220,2436832.0,3.7
3235,2436837.0,4.1
3265,2436844.0,4.1
3266,2436845.0,3.8
3267,2436846.0,3.6
3268,2436847.0,4.0
3277,2436851.0,4.1
3278,2436852.0,3.9
3300,2436861.0,3.8
3301,2436862.0,3.5
3302,2436863.0,4.0
3310,2436867.0,3.7
3316,2436870.0,3.9
3317,2436871.0,4.2
3320,2436873.0,4.0
3331,2436882.0,3.7
3332,2436889.0,3.7
3333,2436891.0,4.1
3334,2436892.0,4.3
3339,2436896.0,3.6
3340,2436899.0,3.9
3341,2436902.0,3.9
3342,2437018.0,4.0
3345,2437022.0,4.0
3346,2437041.0,3.9
3347,2437042.0,4.1
3348,2437048.0,3.8
3349,2437049.0,3.9
3350,2437050.0,3.3
3351,2437051.0,3.6
3352,2437053.0,3.7
3353,2437054.0,3.5
3354,2437057.0,3.8
3357,2437063.0,3.9
3358,2437068.0,3.5
3359,2437077.0,4.1
3360,2437079.0,4.4
3364,2437108.0,4.1
3367,2437110.0,3.9
3371,2437112.0,3.8
3372,2437113.0,3.9
3390,2437127.0,4.3
3401,2437135.0,4.0
3402,2437136.0,4.2
3403,2437137.0,4.1
3412,2437142.0,4.1
3415,2437146.0,4.2
3426,2437154.0,3.9
3429,2437156.0,4.0
3432,2437160.0,4.1
3433,2437161.0,3.8
3434,2437162.0,3.9
3435,2437163.0,4.0
3436,2437164.0,4.1
3437,2437165.0,4.4
3438,2437166.0,4.3
3456,2437175.0,4.1
3461,2437178.0,4.1
3462,2437179.0,4.1
3463,2437180.0,4.3
3464,2437182.0,3.9
3465,2437183.0,3.7
3466,2437184.0,4.0
3467,2437187.0,4.3
3470,2437192.0,3.9
3473,2437195.0,4.2
3474,2437197.0,3.7
3478,2437199.0,4.0
3479,2437200.0,4.2
3482,2437204.0,3.8
3486,2437206.0,4.1
3508,2437219.0,3.8
3512,2437221.0,4.0
3513,2437222.0,3.8
3519,2437225.0,4.2
3520,2437230.0,4.1
3521,2437231.0,4.2
3525,2437235.0,4.1
3534,2437244.0,4.2
3535,2437245.0,4.3
3536,2437246.0,4.3
3537,2437250.0,4.0
3538,2437252.0,4.1
3539,2437253.0,4.3
3540,2437257.0,4.0
3541,2437258.0,4.0
3542,2437402.0,4.2
3543,2437405.0,4.0
3544,2437434.0,3.7
3545,2437435.0,3.8
3546,2437436.0,3.9
3547,2437438.0,4.1
3548,2437440.0,4.4
3551,2437442.0,3.4
3552,2437458.0,4.0
3555,2437464.0,4.0
3556,2437465.0,3.9
3557,2437467.0,4.2
3558,2437468.0,4.3
3559,2437469.0,4.0
3560,2437470.0,3.7
3561,2437471.0,3.8
3562,2437473.0,3.8
3563,2437481.0,4.5
3571,2437486.0,3.9
3572,2437487.0,4.0
3573,2437488.0,4.2
3574,2437489.0,4.2
3575,2437491.0,3.7
3576,2437492.0,3.6
3577,2437493.0,4.1
3580,2437497.0,4.4
3581,2437498.0,3.7
3582,2437503.0,4.2
3583,2437507.0,3.9
3584,2437510.0,4.5
3585,2437512.0,4.0
3586,2437513.0,4.1
3596,2437520.0,4.0
3604,2437540.0,4.5
3611,2437556.0,3.7
3612,2437571.0,4.0
3613,2437574.0,4.3
3614,2437579.0,3.7
3620,2437583.0,4.2
3623,2437608.0,3.8
3624,2437610.0,4.0
3625,2437614.0,3.9
3626,2437616.0,4.0
3627,2437624.0,3.7
3628,2437778.0,3.7
3629,2437779.0,3.7
3630,2437780.0,4.2
3631,2437786.0,4.2
3632,2437787.0,4.0
3633,2437818.0,4.1
3636,2437820.0,4.1
3640,2437825.0,3.8
3644,2437829.0,3.8
3649,2437832.0,4.0
3652,2437835.0,4.4
3655,2437843.0,4.2
3662,2437847.0,3.7
3663,2437849.0,4.0
3668,2437852.0,3.7
3669,2437853.0,4.5
3670,2437854.0,4.5
3671,2437855.0,4.0
3672,2437856.0,4.2
3682,2437860.0,4.1
3683,2437861.0,3.8
3684,2437862.0,4.0
3685,2437864.0,3.8
3690,2437867.0,4.2
3695,2437869.0,4.1
3696,2437870.0,4.1
3697,2437871.0,4.0
3723,2437881.0,4.1
3724,2437882.0,4.3
3742,2437889.0,3.1
3746,2437893.0,3.7
3750,2437895.0,4.0
3756,2437898.0,3.8
3757,2437899.0,4.6
3766,2437903.0,4.0
3795,2437920.0,4.2
3796,2437921.0,4.4
3797,2437924.0,3.8
3798,2437926.0,4.1
3801,2437929.0,4.2
3802,2437930.0,4.0
3803,2437932.0,4.0
3804,2437934.0,4.1
3809,2437938.0,4.2
3810,2437939.0,4.3
3811,2437942.0,4.4
3812,2437943.0,3.7
3813,2437944.0,4.5
3814,2437945.0,3.9
3820,2437950.0,4.6
3821,2437953.0,4.0
3822,2437954.0,4.0
3823,2437955.0,4.0
3824,2437956.0,4.3
3825,2437958.0,3.9
3829,2437960.0,3.6
3832,2437963.0,3.9
3833,2437964.0,4.2
3840,2437970.0,4.2
3841,2437972.0,3.7
3844,2437978.0,4.2
3847,2437982.0,3.8
3848,2437994.0,3.6
3849,2438198.0,4.1
3850,2438199.0,4.2
3851,2438200.0,4.2
3852,2438202.0,3.4
3853,2438204.0,4.0
3854,2438209.0,3.6
3855,2438213.0,4.4
3856,2438216.0,3.7
3857,2438217.0,3.8
3858,2438221.0,4.3
3859,2438223.0,3.9
3860,2438225.0,3.7
3861,2438226.0,4.0
3862,2438227.0,4.1
3865,2438229.0,4.3
3866,2438230.0,4.4
3867,2438231.0,3.7
3868,2438233.0,3.9
3879,2438237.0,4.3
3882,2438239.0,3.8
3883,2438242.0,4.4
3884,2438243.0,4.4
3885,2438244.0,4.1
3886,2438246.0,3.8
3887,2438247.0,3.7
3888,2438249.0,4.3
3889,2438250.0,4.4
3890,2438254.0,3.9
3893,2438257.0,4.3
3896,2438260.0,3.7
3897,2438261.0,3.9
3898,2438262.0,4.0
3899,2438266.0,3.9
3900,2438267.0,3.7
3903,2438270.0,4.0
3904,2438274.0,3.7
3905,2438275.0,3.9
3906,2438277.0,4.2
3909,2438280.0,3.9
3910,2438281.0,3.7
3916,2438284.0,3.6
3919,2438286.0,4.4
3922,2438288.0,4.0
3929,2438292.0,4.1
3932,2438294.0,4.2
3933,2438295.0,3.7
3934,2438296.0,3.7
3935,2438297.0,3.8
3936,2438298.0,4.0
3937,2438299.0,4.1
3938,2438300.0,4.3
3939,2438301.0,4.2
3940,2438302.0,3.8
3941,2438303.0,3.7
3944,2438305.0,3.9
3947,2438307.0,4.3
3955,2438311.0,3.8
3960,2438314.0,4.3
3964,2438317.0,3.6
3969,2438319.0,3.9
3972,2438321.0,4.1
3973,2438322.0,4.2
3976,2438325.0,3.7
3977,2438327.0,4.1
3978,2438329.0,4.2
3979,2438330.0,4.1
3980,2438331.0,3.7
3981,2438332.0,3.8
3982,2438338.0,4.5
3983,2438346.0,3.9
3984,2438358.0,4.2
3985,2438360.0,3.7
3986,2438364.0,4.1
3989,2438368.0,3.8
3990,2438369.0,3.9
3991,2438372.0,4.2
3992,2438373.0,4.2
3993,2438377.0,4.0
3994,2438378.0,4.1
3995,2438379.0,4.2
3996,2438381.0,3.9
3997,2438382.0,3.8
3998,2438383.0,3.9
3999,2438385.0,4.0
4000,2438387.0,4.1
4001,2438388.0,4.0
4002,2438389.0,3.6
4003,2438390.0,3.9
4004,2438575.0,3.7
4005,2438576.0,3.8
4006,2438577.0,3.9
4007,2438578.0,4.1
4008,2438581.0,4.1
4009,2438582.0,3.7
4010,2438583.0,3.6
4011,2438584.0,3.8
4012,2438591.0,3.8
4013,2438592.0,4.0
4014,2438600.0,4.1
4015,2438607.0,4.2
4016,2438611.0,3.6
4017,2438613.0,3.8
4018,2438614.0,4.1
4019,2438615.0,4.1
4020,2438617.0,4.1
4021,2438618.0,3.7
4024,2438639.0,4.0
4027,2438642.0,4.0
4028,2438643.0,4.2
4029,2438644.0,4.1
4032,2438646.0,4.1
4035,2438655.0,3.8
4036,2438656.0,3.8
4037,2438657.0,4.0
4038,2438658.0,4.1
4039,2438660.0,4.1
4040,2438666.0,4.3
4041,2438667.0,4.2
4042,2438668.0,3.8
4043,2438669.0,3.6
4044,2438670.0,3.9
4045,2438671.0,3.8
4046,2438672.0,4.1
4047,2438675.0,3.9
4048,2438677.0,3.9
4049,2438678.0,3.8
4050,2438679.0,4.1
4051,2438680.0,4.2
4052,2438681.0,4.3
4053,2438682.0,4.0
4054,2438683.0,3.6
4055,2438684.0,3.8
4056,2438685.0,3.8
4057,2438686.0,4.1
4058,2438689.0,4.0
4059,2438691.0,3.9
4060,2438693.0,4.0
4061,2438694.0,4.1
4062,2438695.0,4.2
4063,2438696.0,4.1
4064,2438698.0,3.8
4065,2438700.0,3.9
4066,2438701.0,4.1
4067,2438702.0,4.2
4068,2438703.0,4.2
4069,2438704.0,3.6
4070,2438705.0,3.6
4071,2438706.0,3.8
4072,2438707.0,3.9
4073,2438712.0,3.8
4074,2438713.0,3.9
4075,2438714.0,3.8
4076,2438715.0,4.0
4077,2438718.0,3.9
4078,2438719.0,3.8
4079,2438721.0,3.9
4080,2438723.0,4.1
4081,2438724.0,4.3
4082,2438725.0,4.1
4083,2438726.0,3.8
4084,2438727.0,3.8
4085,2438728.0,3.9
4086,2438730.0,4.0
4087,2438731.0,4.2
4088,2438737.0,4.1
4089,2438740.0,3.7
4090,2438742.0,3.9
4093,2438745.0,4.0
4094,2438748.0,3.7
4095,2438751.0,4.1
4096,2438887.0,4.2
4097,2438895.0,4.1
4098,2438905.0,3.8
4099,2438906.0,3.7
4100,2438914.0,4.0
4101,2438915.0,4.1
4102,2438916.0,4.2
4103,2438918.0,4.3
4104,2438919.0,3.9
4105,2438920.0,3.7
4106,2438922.0,4.1
4107,2438924.0,4.1
4108,2438927.0,3.7
4109,2438928.0,4.0
4110,2438929.0,4.0
4111,2438932.0,4.2
4112,2438934.0,3.8
4113,2438936.0,4.2
4114,2438937.0,4.3
4115,2438940.0,4.7
4116,2438941.0,3.8
4117,2438942.0,4.0
4118,2438943.0,4.2
4119,2438944.0,4.2
4120,2438946.0,4.3
4121,2438948.0,3.8
4122,2438949.0,3.8
4123,2438957.0,4.0
4124,2438958.0,4.1
4125,2438960.0,4.5
4126,2438969.0,4.0
4136,2438974.0,4.2
4145,2438981.0,4.4
4146,2438984.0,3.6
4147,2438985.0,3.8
4150,2438987.0,3.8
4151,2438988.0,4.2
4171,2438995.0,4.3
4172,2438996.0,4.3
4177,2438999.0,4.2
4178,2439000.0,3.8
4188,2439004.0,4.0
4197,2439008.0,4.1
4212,2439014.0,4.0
4218,2439017.0,3.8
4247,2439028.0,3.8
4248,2439029.0,3.8
4255,2439031.0,4.2
4260,2439033.0,3.9
4264,2439035.0,3.7
4268,2439037.0,3.8
4273,2439041.0,3.8
4274,2439042.0,3.9
4277,2439045.0,4.4
4281,2439047.0,4.2
4285,2439049.0,3.7
4299,2439055.0,3.8
4300,2439056.0,3.5
4301,2439057.0,3.7
4316,2439066.0,4.2
4317,2439068.0,4.0
4318,2439069.0,4.0
4319,2439071.0,4.0
4322,2439077.0,3.6
4323,2439078.0,3.8
4324,2439079.0,3.8
4328,2439081.0,4.1
4329,2439088.0,4.1
4330,2439089.0,4.5
4331,2439091.0,3.6
4332,2439092.0,3.7
4333,2439129.0,3.8
4334,2439242.0,3.6
4335,2439243.0,3.5
4336,2439281.0,3.6
4337,2439282.0,3.7
4338,2439283.0,4.2
4341,2439295.0,4.1
4342,2439296.0,4.2
4343,2439301.0,3.7
4344,2439302.0,3.8
4345,2439306.0,4.0
4348,2439313.0,4.1
4349,2439316.0,4.4
4350,2439318.0,4.2
4362,2439325.0,4.1
4371,2439329.0,3.7
4382,2439334.0,4.5
4385,2439337.0,3.7
4386,2439339.0,3.9
4387,2439341.0,3.7
4412,2439349.0,4.0
4413,2439351.0,3.8
4592,2439391.0,4.2
4626,2439395.0,3.6
4633,2439397.0,3.8
4836,2439433.0,4.0
4861,2439443.0,3.9
4866,2439445.0,4.1
4871,2439447.0,3.8
4875,2439449.0,3.9
4886,2439453.0,4.2
4890,2439455.0,4.1
4894,2439472.0,3.7
4897,2439475.0,4.0
4898,2439600.0,4.5
4901,2439691.0,4.4
4902,2439695.0,3.8
4903,2439700.0,4.4
4904,2439702.0,3.5
4909,2439707.0,4.5
4910,2439708.0,3.9
4911,2439709.0,3.7
4912,2439714.0,4.4
4913,2439715.0,4.2
4914,2439716.0,3.7
4915,2439718.0,4.1
4916,2439719.0,4.0
4917,2439722.0,4.4
4922,2439731.0,4.4
4923,2439732.0,4.2
4924,2439735.0,4.3
4925,2439739.0,4.0
4928,2439742.0,3.9
4929,2439746.0,3.7
4930,2439748.0,3.9
4935,2439760.0,3.8
4936,2439769.0,4.2
4937,2439770.0,4.4
4938,2439771.0,4.5
4941,2439788.0,3.6
4942,2439821.0,4.5
4943,2439849.0,4.3
4944,2440028.0,5.0
4945,2440038.0,3.7
4946,2440040.0,3.6
4947,2440041.0,3.7
4948,2440046.0,3.8
4949,2440048.0,3.9
4950,2440051.0,4.3
4951,2440054.0,3.7
4952,2440055.0,3.9
4953,2440061.0,3.7
4954,2440066.0,4.5
4955,2440067.0,4.3
4956,2440068.0,3.7
4959,2440071.0,4.3
4960,2440073.0,4.4
4961,2440074.0,3.7
4962,2440079.0,4.4
4963,2440081.0,3.9
4964,2440083.0,4.0
4965,2440084.0,3.9
4966,2440088.0,4.3
4967,2440089.0,3.8
4968,2440090.0,4.5
4971,2440097.0,3.8
4974,2440109.0,4.5
4975,2440110.0,4.3
4976,2440111.0,3.9
4977,2440113.0,3.7
4978,2440114.0,3.9
4979,2440123.0,4.4
4980,2440125.0,3.6
4983,2440127.0,3.8
4984,2440129.0,4.6
4985,2440146.0,3.6
4986,2440149.0,3.2
4987,2440178.0,3.8
4988,2440184.0,3.7
4989,2440185.0,3.8
4990,2440188.0,4.4
4991,2440189.0,3.8
4992,2440202.0,4.3
4993,2440306.0,4.1
4994,2440319.0,3.4
4999,2440326.0,4.5
5000,2440327.0,3.8
5001,2440334.0,3.9
5002,2440338.0,4.4
5003,2440339.0,4.0
5004,2440340.0,3.7
5005,2440350.0,4.0
5008,2440362.0,3.9
5009,2440363.0,4.0
5010,2440365.0,4.5
5011,2440367.0,4.6
5012,2440371.0,4.1
5013,2440372.0,4.7
5014,2440380.0,4.1
5015,2440381.0,3.7
5016,2440383.0,3.7
5017,2440384.0,3.9
5018,2440385.0,4.3
5019,2440390.0,3.9
5020,2440402.0,4.5
5023,2440406.0,4.5
5026,2440411.0,3.7
5027,2440412.0,3.8
5028,2440414.0,4.2
5029,2440415.0,4.1
5030,2440416.0,4.2
5031,2440417.0,4.5
5036,2440419.0,3.7
5037,2440420.0,4.6
5038,2440421.0,3.0
5042,2440424.0,4.4
5043,2440426.0,3.7
5044,2440428.0,3.6
5047,2440433.0,3.8
5050,2440435.0,4.1
5051,2440436.0,3.8
5052,2440437.0,4.1
5053,2440438.0,4.3
5054,2440441.0,3.8
5055,2440442.0,3.9
5056,2440443.0,4.1
5059,2440445.0,4.4
5060,2440446.0,4.6
5061,2440447.0,3.8
5062,2440449.0,3.7
5063,2440451.0,4.1
5064,2440463.0,3.8
5065,2440466.0,4.2
5066,2440467.0,4.4
5067,2440468.0,3.9
5068,2440469.0,3.6
5074,2440473.0,4.2
5075,2440474.0,4.0
5076,2440475.0,4.2
5077,2440476.0,4.4
5078,2440477.0,3.8
5079,2440478.0,3.9
5080,2440482.0,4.1
5081,2440484.0,3.8
5082,2440489.0,4.3
5083,2440492.0,3.8
5084,2440493.0,4.0
5085,2440497.0,4.2
5086,2440500.0,4.0
5087,2440501.0,4.2
5088,2440508.0,4.0
5089,2440509.0,4.4
5090,2440513.0,3.7
5091,2440521.0,3.9
5092,2440524.0,4.5
5093,2440531.0,3.8
5094,2440532.0,4.0
5095,2440536.0,4.0
5096,2440537.0,3.9
5097,2440538.0,3.8
5098,2440541.0,3.7
5099,2440546.0,4.4
5100,2440555.0,3.7
5101,2440557.0,4.3
5102,2440559.0,4.1
5103,2440560.0,4.4
5104,2440569.0,4.7
5105,2440661.0,4.6
5106,2440679.0,3.8
5107,2440681.0,4.2
5108,2440683.0,4.3
5109,2440687.0,3.9
5110,2440693.0,3.8
5111,2440694.0,3.9
5112,2440700.0,3.8
5113,2440705.0,4.3
5117,2440710.0,4.0
5118,2440716.0,4.0
5119,2440722.0,3.7
5122,2440731.0,4.1
5123,2440732.0,4.4
5124,2440740.0,4.4
5125,2440743.0,3.9
5126,2440744.0,3.9
5129,2440746.0,4.2
5130,2440748.0,4.4
5131,2440749.0,3.8
5132,2440750.0,3.8
5133,2440751.0,4.0
5134,2440753.0,4.5
5135,2440755.0,3.9
5136,2440756.0,4.1
5137,2440758.0,3.9
5142,2440761.0,4.3
5149,2440773.0,4.4
5150,2440774.0,4.5
5151,2440775.0,4.2
5152,2440776.0,4.3
5155,2440780.0,4.0
5156,2440781.0,4.2
5159,2440786.0,3.8
5160,2440788.0,3.7
5161,2440789.0,4.0
5162,2440790.0,4.1
5169,2440797.0,4.4
5170,2440805.0,4.3
5171,2440806.0,3.9
5172,2440810.0,3.9
5173,2440811.0,4.5
5174,2440812.0,4.2
5175,2440813.0,3.9
5176,2440814.0,3.7
5177,2440817.0,4.5
5178,2440818.0,4.7
5179,2440823.0,3.9
5180,2440825.0,3.8
5181,2440826.0,4.4
5182,2440827.0,4.6
5183,2440828.0,3.7
5184,2440829.0,3.8
5185,2440830.0,4.1
5186,2440831.0,4.0
5187,2440832.0,4.2
5188,2440835.0,3.6
5189,2440836.0,3.7
5190,2440837.0,3.8
5191,2440838.0,3.8
5192,2440839.0,4.0
5193,2440845.0,4.0
5194,2440848.0,4.2
5195,2440851.0,3.7
5196,2440852.0,3.8
5197,2440853.0,4.0
5198,2440856.0,3.8
5199,2440858.0,3.8
5200,2440859.0,3.8
5201,2440862.0,4.2
5202,2441074.0,3.8
5203,2441093.0,4.1
5204,2441127.0,4.4
5205,2441134.0,4.1
5206,2441137.0,3.7
5207,2441138.0,3.9
5208,2441139.0,3.9
5211,2441141.0,4.5
5212,2441142.0,4.6
5213,2441146.0,3.9
5216,2441149.0,4.3
5217,2441150.0,4.0
5218,2441151.0,3.6
5219,2441153.0,3.8
5220,2441154.0,4.0
5221,2441158.0,3.8
5222,2441160.0,3.9
5223,2441161.0,4.0
5224,2441163.0,4.5
5229,2441169.0,3.8
5230,2441174.0,3.8
5231,2441178.0,4.3
5249,2441186.0,3.8
5261,2441191.0,4.4
5262,2441192.0,4.0
5267,2441195.0,4.0
5270,2441199.0,4.0
5271,2441200.0,4.1
5277,2441203.0,3.7
5280,2441209.0,3.9
5281,2441210.0,3.7
5282,2441211.0,3.8
5283,2441212.0,4.1
5286,2441215.0,4.5
5287,2441217.0,4.0
5288,2441218.0,3.8
5289,2441222.0,3.7
5292,2441228.0,3.4
5293,2441230.0,3.3
5294,2441231.0,3.7
5295,2441235.0,4.3
5296,2441238.0,3.7
5297,2441240.0,4.0
5298,2441249.0,4.1
5299,2441250.0,4.1
5302,2441255.0,4.3
5303,2441261.0,3.9
5304,2441262.0,4.1
5305,2441264.0,4.3
5306,2441265.0,4.1
5307,2441267.0,3.8
5308,2441272.0,4.2
5309,2441274.0,3.8
5310,2441275.0,3.6
5311,2441279.0,4.6
5312,2441286.0,4.7
5313,2441287.0,4.5
5314,2441292.0,4.3
5315,2441295.0,3.8
5316,2441296.0,4.8
5317,2441484.0,4.4
5318,2441485.0,4.4
5319,2441488.0,4.4
5320,2441499.0,3.9
5321,2441511.0,3.8
5322,2441512.0,3.8
5323,2441515.0,4.3
5324,2441517.0,3.9
5325,2441518.0,3.8
5326,2441519.0,4.1
5327,2441520.0,4.2
5328,2441524.0,3.7
5329,2441525.0,4.0
5330,2441531.0,3.9
5334,2441534.0,3.7
5335,2441535.0,4.3
5336,2441536.0,4.3
5341,2441539.0,3.8
5342,2441540.0,3.6
5343,2441544.0,4.5
5344,2441545.0,4.1
5348,2441549.0,4.3
5351,2441551.0,4.2
5352,2441554.0,3.6
5361,2441563.0,3.7
5362,2441564.0,4.3
5370,2441567.0,4.0
5379,2441571.0,4.7
5399,2441579.0,3.8
5400,2441583.0,4.2
5401,2441584.0,4.3
5404,2441586.0,4.0
5409,2441591.0,3.7
5412,2441593.0,4.2
5413,2441594.0,4.2
5451,2441608.0,4.5
5452,2441609.0,4.5
5465,2441615.0,4.3
5469,2441617.0,4.2
5472,2441619.0,4.9
5473,2441620.0,3.7
5486,2441627.0,4.0
5489,2441631.0,4.4
5497,2441639.0,4.0
5498,2441640.0,4.6
5499,2441641.0,3.8
5500,2441642.0,4.0
5501,2441646.0,3.8
5502,2441647.0,3.6
5503,2441649.0,4.4
5506,2441651.0,3.4
5507,2441652.0,4.4
5508,2441655.0,3.7
5509,2441656.0,3.7
5510,2441659.0,4.4
5511,2441660.0,3.9
5515,2441663.0,3.9
5516,2441664.0,3.8
5517,2441852.0,4.2
5518,2441855.0,3.7
5519,2441856.0,4.0
5520,2441858.0,4.4
5521,2441859.0,4.4
5522,2441865.0,3.8
5523,2441866.0,4.2
5524,2441868.0,4.5
5525,2441869.0,3.8
5526,2441870.0,3.9
5527,2441871.0,4.0
5528,2441872.0,4.3
5529,2441873.0,4.4
5530,2441880.0,4.1
5531,2441886.0,4.1
5532,2441887.0,3.9
5533,2441888.0,4.2
5536,2441890.0,4.0
5539,2441892.0,4.1
5548,2441896.0,4.3
5549,2441897.0,4.1
5550,2441899.0,3.6
5551,2441900.0,3.8
5558,2441905.0,3.7
5570,2441911.0,4.1
5571,2441912.0,3.7
5572,2441913.0,3.7
5573,2441914.0,3.9
5574,2441917.0,4.1
5579,2441920.0,3.7
5590,2441925.0,4.4
5591,2441926.0,3.7
5598,2441931.0,4.2
5599,2441932.0,4.2
5609,2441937.0,4.1
5614,2441941.0,3.8
5615,2441942.0,4.1
5616,2441943.0,4.2
5617,2441944.0,4.0
5618,2441945.0,4.6
5619,2441946.0,4.1
5620,2441947.0,4.5
5621,2441948.0,3.6
5622,2441950.0,3.9
5630,2441954.0,4.5
5631,2441955.0,3.8
5632,2441956.0,3.7
5636,2441958.0,3.9
5637,2441959.0,4.1
5638,2441960.0,4.2
5639,2441963.0,3.6
5640,2441964.0,3.8
5641,2441966.0,4.2
5642,2441967.0,4.4
5647,2441973.0,4.3
5652,2441978.0,3.6
5653,2441979.0,4.6
5654,2441980.0,4.1
5655,2441981.0,4.4
5663,2441985.0,3.7
5670,2441996.0,4.5
5671,2442000.0,3.7
5672,2442001.0,3.8
5678,2442004.0,4.2
5679,2442005.0,3.7
5684,2442008.0,4.2
5689,2442016.0,3.9
5692,2442026.0,4.2
5693,2442036.0,4.1
5694,2442048.0,3.7
5695,2442115.0,3.9
5696,2442119.0,4.1
5697,2442121.0,3.7
5698,2442125.0,4.5
5699,2442126.0,4.4
5700,2442128.0,3.7
5701,2442143.0,3.7
5702,2442147.0,4.5
5703,2442148.0,4.2
5704,2442150.0,3.7
5705,2442153.0,4.6
5706,2442193.0,3.5
5707,2442218.0,4.4
5708,2442219.0,4.4
5714,2442222.0,3.8
5715,2442223.0,3.7
5726,2442227.0,4.5
5727,2442228.0,3.7
5736,2442234.0,4.1
5739,2442236.0,3.8
5828,2442263.0,3.5
5838,2442267.0,4.3
5839,2442268.0,4.6
5840,2442269.0,4.6
5906,2442285.0,4.0
5911,2442287.0,3.7
5912,2442288.0,4.1
5915,2442290.0,4.6
5916,2442291.0,4.7
5943,2442301.0,3.6
5954,2442305.0,4.5
5982,2442315.0,3.8
5985,2442317.0,4.0
6027,2442333.0,4.2
6037,2442338.0,4.0
6045,2442341.0,4.5
6067,2442354.0,4.5
6079,2442363.0,4.3
6080,2442364.0,3.8
6084,2442367.0,4.1
6085,2442368.0,4.5
6086,2442369.0,4.3
6094,2442375.0,4.0
6095,2442377.0,4.1
6096,2442379.0,4.0
6097,2442381.0,4.2
6098,2442385.0,4.4
6099,2442386.0,3.8
6105,2442390.0,4.2
6106,2442391.0,4.4
6107,2442392.0,4.3
6110,2442394.0,3.6
6111,2442395.0,3.8
6114,2442398.0,4.5
6115,2442409.0,4.0
6116,2442500.0,4.1
6117,2442586.0,4.0
6118,2442592.0,4.3
6119,2442593.0,4.2
6122,2442596.0,3.7
6123,2442597.0,4.1
6126,2442600.0,4.2
6129,2442602.0,3.7
6130,2442603.0,3.8
6133,2442605.0,4.1
6138,2442609.0,4.0
6141,2442611.0,4.1
6142,2442612.0,4.1
6143,2442613.0,4.2
6144,2442614.0,4.1
6145,2442615.0,3.9
6148,2442618.0,3.9
6151,2442621.0,4.1
6155,2442623.0,3.7
6158,2442625.0,3.9
6167,2442631.0,3.8
6175,2442635.0,4.3
6176,2442636.0,4.0
6179,2442639.0,3.8
6180,2442640.0,3.8
6185,2442643.0,3.6
6186,2442644.0,4.1
6187,2442645.0,3.9
6188,2442650.0,4.4
6199,2442655.0,4.6
6202,2442657.0,4.0
6206,2442659.0,3.6
6207,2442660.0,4.0
6208,2442662.0,4.1
6227,2442674.0,3.6
6228,2442676.0,4.1
6229,2442678.0,4.3
6230,2442680.0,3.8
6231,2442681.0,3.5
6232,2442682.0,3.5
6233,2442683.0,4.1
6236,2442685.0,4.3
6237,2442686.0,3.8
6238,2442688.0,3.8
6239,2442690.0,3.8
6240,2442691.0,4.1
6245,2442695.0,3.7
6248,2442699.0,4.3
6249,2442700.0,4.1
6250,2442701.0,3.8
6251,2442702.0,4.0
6254,2442708.0,3.7
6255,2442709.0,3.8
6256,2442712.0,4.2
6259,2442717.0,3.7
6260,2442719.0,4.1
6261,2442721.0,4.4
6262,2442727.0,4.4
6263,2442728.0,4.2
6264,2442729.0,4.0
6267,2442734.0,4.2
6268,2442735.0,4.3
6269,2442736.0,4.1
6270,2442739.0,3.8
6273,2442748.0,4.2
6274,2442751.0,3.7
6275,2442753.0,4.0
6276,2442768.0,4.0
6277,2442775.0,3.9
6278,2442777.0,4.1
6279,2442779.0,4.1
6280,2442783.0,4.4
6281,2442938.0,4.1
6282,2442947.0,4.0
6287,2442957.0,4.9
6296,2442962.0,4.0
6297,2442963.0,4.2
6301,2442965.0,4.6
6305,2442967.0,3.8
6310,2442977.0,3.9
6311,2442978.0,4.4
6312,2442980.0,3.9
6313,2442982.0,4.0
6314,2442983.0,3.9
6318,2442990.0,4.1
6319,2442991.0,4.2
6323,2442994.0,4.4
6324,2442995.0,4.1
6325,2442996.0,3.8
6326,2442997.0,3.9
6327,2443000.0,4.4
6332,2443004.0,3.9
6368,2443017.0,3.5
6374,2443020.0,4.2
6377,2443024.0,3.8
6378,2443025.0,3.8
6379,2443026.0,4.0
6380,2443027.0,4.4
6381,2443028.0,4.2
6384,2443033.0,3.7
6387,2443035.0,3.8
6388,2443040.0,3.8
6393,2443047.0,3.8
6396,2443050.0,4.4
6399,2443053.0,3.7
6400,2443054.0,3.8
6401,2443056.0,4.2
6402,2443059.0,4.1
6403,2443061.0,3.7
6406,2443063.0,4.1
6407,2443064.0,3.7
6408,2443067.0,4.0
6409,2443070.0,4.1
6412,2443076.0,3.7
6415,2443080.0,4.2
6416,2443081.0,4.0
6417,2443084.0,4.1
6418,2443089.0,3.7
6419,2443091.0,3.7
6420,2443094.0,4.2
6421,2443096.0,3.7
6422,2443097.0,3.8
6423,2443100.0,4.3
6424,2443111.0,3.8
6425,2443113.0,4.1
6426,2443120.0,4.0
6427,2443126.0,4.0
6428,2443131.0,4.0
6429,2443148.0,4.2
6430,2443205.0,3.3
6431,2443260.0,3.8
6432,2443280.0,4.2
6433,2443291.0,3.5
6434,2443292.0,3.9
6435,2443337.0,4.5
6436,2443347.0,3.6
6437,2443348.0,3.5
6438,2443350.0,3.9
6439,2443351.0,4.1
6440,2443352.0,4.2
6441,2443353.0,4.5
6442,2443354.0,4.2
6443,2443357.0,3.8
6444,2443358.0,3.7
6445,2443360.0,3.8
6446,2443369.0,3.5
6447,2443371.0,3.8
6451,2443377.0,3.8
6454,2443381.0,4.9
6455,2443382.0,4.0
6456,2443384.0,3.5
6457,2443385.0,4.2
6458,2443388.0,3.9
6459,2443391.0,4.0
6460,2443400.0,4.2
6461,2443401.0,3.9
6462,2443413.0,3.9
6463,2443419.0,3.6
6464,2443452.0,5.2
6465,2443664.0,4.0
6466,2443669.0,4.0
6469,2443703.0,4.1
6470,2443704.0,4.5
6471,2443705.0,4.0
6472,2443707.0,3.5
6473,2443712.0,3.8
6474,2443713.0,3.4
6475,2443714.0,3.6
6476,2443715.0,4.2
6477,2443716.0,4.5
6478,2443717.0,4.0
6479,2443739.0,4.0
6480,2443740.0,4.3
6481,2443741.0,4.3
6482,2443753.0,4.3
6485,2444068.0,3.7
6486,2444073.0,3.7
6487,2444076.0,4.1
6488,2444079.0,3.5
6489,2444080.0,3.6
6490,2444082.0,3.7
6491,2444086.0,3.6
6492,2444088.0,3.7
6493,2444097.0,4.0
6494,2444100.0,3.7
6495,2444101.0,3.6
6498,2444107.0,3.9
6499,2444108.0,3.6
6500,2444114.0,3.9
6501,2444128.0,4.2
6502,2444132.0,3.9
6503,2444133.0,3.9
6504,2444139.0,3.5
6505,2444443.0,4.2
6506,2444454.0,3.7
6507,2444458.0,4.3
6508,2444465.0,4.4
6509,2444468.0,3.7
6510,2444477.0,4.1
6511,2444484.0,4.1
6512,2444485.0,4.2
6513,2444490.0,3.9
6514,2444494.0,4.1
6515,2444496.0,3.7
6516,2444499.0,4.3
6517,2444502.0,3.8
6518,2444510.0,3.8
6519,2444511.0,3.8
6520,2444514.0,4.2
6521,2444516.0,3.9
6522,2444523.0,4.1
6523,2444532.0,3.7
6524,2444561.0,3.4
6525,2444571.0,3.4
6526,2444854.0,3.8
6527,2444860.0,4.2
6528,2444861.0,3.6
6529,2444869.0,3.7
6530,2444870.0,3.8
6531,2444880.0,4.1
6532,2445030.0,3.8
6533,2445555.0,4.6
6534,2445556.0,4.6
6535,2445557.0,4.5
6536,2445558.0,4.5
6539,2445873.0,4.0
6540,2445890.0,3.6
6541,2445934.0,3.4
6542,2445940.0,3.9
6543,2446143.0,4.7
6544,2446213.0,4.0
6545,2446232.0,4.0
6546,2446249.0,3.7
6547,2446250.0,4.1
6548,2446253.0,3.9
6549,2446255.0,3.9
6550,2446256.0,3.9
6551,2446257.0,4.2
6552,2446260.0,3.9
6553,2446261.0,3.5
6554,2446264.0,4.0
6559,2446271.0,4.0
6560,2446272.0,4.1
6561,2446280.0,4.1
6562,2446285.0,3.9
6563,2446286.0,4.0
6568,2446290.0,3.8
6569,2446291.0,3.9
6572,2446295.0,4.6
6573,2446296.0,4.0
6574,2446297.0,3.6
6575,2446298.0,3.7
6576,2446302.0,4.6
6577,2446312.0,3.9
6580,2446315.0,4.5
6581,2446318.0,3.8
6591,2446326.0,4.2
6595,2446328.0,3.9
6596,2446336.0,4.1
6597,2446342.0,3.5
6598,2446344.0,4.1
6599,2446346.0,4.0
6600,2446348.0,3.5
6601,2446350.0,4.0
6607,2446363.0,3.8
6608,2446364.0,3.9
6609,2446372.0,4.6
6610,2446375.0,4.5
6611,2446380.0,4.6
6612,2446382.0,4.5
6613,2446383.0,4.2
6614,2446613.0,3.8
6617,2446636.0,3.8
6618,2446638.0,4.6
6619,2446647.0,3.9
6620,2446652.0,4.0
6621,2446681.0,4.7
6622,2446683.0,4.5
6623,2446702.0,4.4
6624,2446707.0,4.3
6625,2446712.0,4.3
6626,2446714.0,4.1
6627,2446716.0,4.0
6628,2446717.0,4.2
6629,2446724.0,4.5
6630,2446726.0,4.6
6631,2446734.0,4.1
6632,2446746.0,4.5
6633,2446761.0,4.5
6634,2446771.0,4.2
6635,2446848.0,4.2
6636,2446876.0,4.1
6637,2446881.0,3.8
6638,2446886.0,3.5
6639,2446888.0,3.8
6640,2446891.0,4.4
6641,2446899.0,4.2
6642,2446901.0,3.5
6643,2446905.0,4.1
6646,2446907.0,3.6
6647,2446910.0,4.1
6648,2446911.0,4.2
6649,2446923.0,3.8
6650,2446941.0,4.2
6651,2446944.0,4.1
6652,2446950.0,3.5
6653,2446951.0,3.9
6654,2446952.0,3.7
6655,2446953.0,3.9
6656,2446954.0,4.0
6657,2446955.0,4.2
6658,2446956.0,4.1
6659,2446957.0,3.7
6660,2446958.0,3.9
6663,2446961.0,4.2
6674,2446967.0,3.8
6681,2446971.0,3.9
6682,2446972.0,3.6
6683,2446973.0,3.8
6695,2446978.0,3.7
6700,2446981.0,4.0
6703,2446983.0,4.2
6704,2446984.0,4.1
6705,2446985.0,3.9
6706,2446986.0,3.8
6707,2446987.0,3.8
6708,2446988.0,3.8
6717,2446992.0,4.0
6718,2446993.0,3.6
6719,2446994.0,3.6
6733,2447000.0,3.5
6752,2447006.0,4.2
6779,2447014.0,3.4
6780,2447015.0,3.8
6784,2447017.0,3.9
6788,2447019.0,4.2
6806,2447025.0,4.0
6864,2447044.0,3.7
6869,2447046.0,3.8
6870,2447047.0,4.1
6871,2447048.0,4.2
6872,2447049.0,4.1
6873,2447050.0,3.6
6881,2447054.0,4.1
6888,2447059.0,3.9
6889,2447062.0,4.2
6892,2447065.0,3.5
6893,2447066.0,3.7
6894,2447067.0,3.9
6895,2447068.0,4.0
6896,2447069.0,4.1
6897,2447070.0,4.1
6898,2447071.0,4.1
6899,2447072.0,3.6
6900,2447073.0,3.9
6901,2447074.0,3.9
6902,2447075.0,4.0
6903,2447076.0,3.9
6904,2447077.0,4.1
6905,2447078.0,3.9
6906,2447079.0,3.5
6907,2447080.0,3.6
6910,2447083.0,4.0
6911,2447084.0,4.2
6912,2447086.0,3.5
6913,2447087.0,3.5
6914,2447088.0,3.8
6915,2447089.0,3.8
6916,2447090.0,4.0
6921,2447095.0,3.6
6922,2447097.0,3.9
6923,2447099.0,4.0
6924,2447101.0,3.6
6925,2447103.0,3.6
6928,2447112.0,4.2
6931,2447115.0,3.4
6932,2447116.0,4.2
6933,2447117.0,3.7
6934,2447118.0,3.9
6935,2447119.0,4.1
6936,2447120.0,4.1
6937,2447125.0,3.9
6938,2447126.0,4.1
6939,2447129.0,3.5
6940,2447135.0,4.1
6941,2447141.0,4.1
6942,2447147.0,4.0
6943,2447153.0,3.6
6944,2447158.0,3.4
6945,2447287.0,3.9
6946,2447291.0,4.0
6947,2447292.0,4.3
6948,2447297.0,3.9
6949,2447298.0,4.2
6950,2447300.0,4.2
6951,2447301.0,3.6
6952,2447304.0,3.9
6953,2447313.0,4.2
6954,2447314.0,4.2
6955,2447316.0,3.6
6958,2447320.0,4.3
6961,2447324.0,3.9
6962,2447325.0,3.9
6963,2447326.0,4.1
6964,2447327.0,4.3
6967,2447331.0,3.9
6968,2447332.0,3.8
6969,2447333.0,3.9
6970,2447338.0,3.8
6971,2447340.0,3.7
6972,2447341.0,3.9
6973,2447342.0,4.0
6974,2447343.0,4.4
6977,2447345.0,3.6
6978,2447346.0,3.9
6981,2447349.0,4.3
6982,2447350.0,4.3
6983,2447351.0,4.0
6984,2447352.0,3.6
6987,2447356.0,4.2
6988,2447357.0,4.3
6991,2447360.0,3.5
6992,2447361.0,3.9
6993,2447362.0,4.0
6994,2447363.0,4.2
6995,2447364.0,4.3
6996,2447365.0,4.0
6997,2447366.0,3.4
6998,2447367.0,3.6
6999,2447369.0,3.6
7000,2447370.0,3.9
7001,2447371.0,4.2
7002,2447372.0,4.1
7003,2447373.0,3.6
7004,2447374.0,3.5
7005,2447375.0,3.9
7006,2447376.0,4.1
7007,2447377.0,4.2
7008,2447378.0,4.3
7009,2447379.0,4.4
7010,2447380.0,3.8
7011,2447381.0,3.5
7012,2447382.0,3.8
7013,2447383.0,3.9
7014,2447384.0,3.9
7015,2447385.0,4.2
7016,2447386.0,4.2
7017,2447387.0,4.0
7018,2447388.0,3.5
7019,2447389.0,3.6
7020,2447390.0,3.6
7021,2447391.0,4.1
7022,2447392.0,4.2
7023,2447393.0,4.3
7024,2447394.0,4.0
7025,2447395.0,3.4
7026,2447396.0,3.7
7029,2447399.0,4.1
7030,2447400.0,4.5
7031,2447401.0,4.0
7032,2447402.0,3.5
7033,2447403.0,3.8
7034,2447404.0,3.9
7035,2447405.0,4.1
7036,2447406.0,4.2
7037,2447407.0,4.3
7038,2447408.0,4.2
7039,2447409.0,3.5
7040,2447410.0,3.7
7041,2447411.0,3.9
7042,2447412.0,3.9
7043,2447413.0,4.1
7044,2447414.0,4.2
7045,2447415.0,4.1
7046,2447416.0,3.6
7047,2447417.0,3.6
7048,2447418.0,3.8
7049,2447419.0,4.0
7050,2447420.0,4.0
7051,2447421.0,4.2
7052,2447422.0,4.1
7053,2447423.0,3.6
7054,2447424.0,3.6
7055,2447425.0,3.9
7056,2447426.0,3.9
7057,2447427.0,4.2
7058,2447428.0,4.2
7059,2447429.0,4.2
7060,2447430.0,3.9
7061,2447431.0,3.6
7062,2447432.0,3.7
7063,2447433.0,3.8
7064,2447434.0,4.0
7065,2447435.0,4.2
7066,2447436.0,4.1
7067,2447440.0,3.7
7068,2447442.0,4.2
7069,2447444.0,3.9
7070,2447446.0,3.5
7071,2447448.0,3.6
7072,2447452.0,3.5
7073,2447454.0,3.6
7074,2447456.0,3.9
7075,2447459.0,3.8
7076,2447465.0,4.4
7077,2447469.0,3.8
7078,2447472.0,4.1
7079,2447474.0,3.5
7080,2447502.0,3.6
7081,2447801.0,4.4
7082,2447817.0,3.9
7083,2447820.0,3.9
7084,2447821.0,3.9
7085,2447826.0,3.8
7086,2447829.0,4.1
7087,2447833.0,3.5
7088,2447834.0,3.6
7089,2447835.0,3.8
7090,2447847.0,3.5
7091,2447849.0,3.6
7092,2447852.0,4.4
7093,2447854.0,3.5
7094,2447946.0,4.1
7095,2447953.0,4.4
7096,2447954.0,4.1
7097,2447959.0,4.0
7098,2447973.0,4.0
7099,2447981.0,4.1
7100,2447990.0,4.1
7101,2447991.0,3.7
7102,2447995.0,4.1
7103,2447998.0,3.7
7104,2447999.0,3.7
7105,2448000.0,3.5
7106,2448005.0,3.9
7107,2448006.0,3.7
7108,2448007.0,4.1
7109,2448009.0,4.0
7110,2448010.0,4.1
7111,2448011.0,4.2
7114,2448013.0,3.5
7115,2448014.0,4.0
7116,2448015.0,4.0
7117,2448016.0,4.2
7118,2448018.0,4.1
7119,2448019.0,3.9
7120,2448022.0,4.1
7121,2448028.0,3.5
7122,2448029.0,3.5
7123,2448032.0,4.2
7124,2448033.0,4.1
7125,2448034.0,4.0
7126,2448035.0,4.0
7127,2448038.0,3.9
7128,2448040.0,4.1
7129,2448045.0,3.9
7132,2448051.0,3.8
7136,2448059.0,4.6
7137,2448062.0,3.5
7143,2448068.0,4.2
7144,2448070.0,3.6
7145,2448072.0,3.8
7146,2448073.0,3.9
7147,2448078.0,3.9
7148,2448083.0,3.6
7154,2448086.0,4.0
7158,2448088.0,4.2
7159,2448089.0,4.1
7160,2448090.0,3.9
7164,2448093.0,3.9
7171,2448099.0,3.7
7172,2448100.0,3.7
7173,2448101.0,4.0
7177,2448103.0,4.1
7180,2448105.0,3.7
7181,2448106.0,3.6
7182,2448112.0,3.6
7183,2448114.0,3.7
7184,2448115.0,4.1
7185,2448116.0,4.0
7186,2448119.0,3.5
7187,2448120.0,3.5
7190,2448122.0,3.6
7191,2448123.0,4.0
7205,2448129.0,3.8
7211,2448133.0,4.0
7212,2448134.0,3.4
7218,2448141.0,3.4
7231,2448146.0,4.1
7238,2448149.0,3.7
7247,2448154.0,4.5
7261,2448161.0,4.5
7262,2448162.0,3.9
7265,2448166.0,3.9
7272,2448175.0,4.1
7277,2448178.0,3.6
7283,2448181.0,4.6
7284,2448185.0,4.0
7285,2448186.0,4.1
7286,2448187.0,3.9
7287,2448188.0,4.0
7290,2448192.0,3.5
7291,2448193.0,3.4
7292,2448199.0,3.5
7293,2448200.0,3.5
7294,2448201.0,3.9
7297,2448208.0,3.9
7298,2448211.0,4.2
7299,2448212.0,3.9
7300,2448213.0,4.0
7301,2448214.0,3.4
7304,2448219.0,4.6
7305,2448228.0,3.6
7306,2448230.0,3.8
7309,2448232.0,4.1
7310,2448238.0,3.9
7311,2448240.0,4.1
7312,2448245.0,3.7
7313,2448251.0,3.7
7314,2448253.0,3.9
7315,2448480.0,4.5
7316,2448486.0,4.3
7317,2448499.0,4.5
7318,2448500.0,4.2
7319,2448506.0,4.3
7320,2448507.0,4.1
7321,2448518.0,4.7
7322,2448751.0,3.7
7323,2448752.0,3.6
7324,2448754.0,3.7
7325,2448755.0,3.7
7326,2448761.0,3.8
7327,2448778.0,4.0
7328,2448782.0,3.6
7329,2448796.0,3.6
7330,2448808.0,4.2
7331,2448809.0,3.5
7332,2448823.0,3.5
7333,2448826.0,4.09
7334,2448827.0,4.36
7335,2448829.0,4.06
7336,2448830.0,3.84
7337,2448831.0,3.84
7338,2448840.0,4.12
7339,2448851.0,3.79
7340,2448852.0,3.72
7341,2448853.0,3.89
7342,2448855.0,4.04
7343,2448861.0,3.9
7346,2448865.0,4.09
7349,2448877.0,4.22
7350,2448882.0,3.5
7351,2448889.0,3.8
7352,2448890.0,3.6
7353,2448892.0,3.6
7354,2448894.0,4.1
7355,2448895.0,3.94
7358,2448898.0,3.7
7359,2448903.0,4.0
7362,2448905.0,4.1
7363,2448906.0,4.1
7364,2448910.0,3.6
7365,2448911.0,3.84
7366,2448912.0,3.94
7369,2448916.0,3.94
7370,2448919.0,4.0
7371,2448922.0,4.1
7372,2448925.0,3.72
7373,2448926.0,4.02
7374,2448934.0,4.02
7375,2448939.0,3.72
7376,2448940.0,3.92
7377,2448943.0,4.12
7378,2448944.0,4.02
7379,2448945.0,3.92
7380,2448950.0,4.22
7381,2448953.0,3.92
7382,2448955.0,3.94
7383,2448956.0,3.72
7384,2448973.0,3.82
7385,2448977.0,3.92
7386,2449033.0,4.24
7387,2449039.0,3.6
7388,2449040.0,3.82
7389,2449042.0,4.12
7390,2449070.0,3.89
7391,2449080.0,4.7
7392,2449106.0,3.7
7395,2449127.0,4.1
7399,2449137.0,4.5
7400,2449147.0,4.09
7401,2449156.0,4.19
7402,2449158.0,3.2
7403,2449159.0,4.19
7404,2449160.0,3.99
7405,2449163.0,3.98
7406,2449165.0,4.46
7413,2449168.0,3.69
7414,2449170.0,3.85
7431,2449183.0,3.6
7438,2449188.0,4.4
7439,2449190.0,3.64
7440,2449192.0,4.0
7448,2449195.0,4.1
7449,2449196.0,3.5
7452,2449198.0,4.0
7453,2449199.0,3.89
7454,2449200.0,4.09
7455,2449201.0,4.1
7458,2449206.0,3.78
7461,2449210.0,3.4
7483,2449222.0,4.09
7496,2449229.0,3.94
7516,2449239.0,3.54
7517,2449241.0,3.64
7520,2449246.0,3.9
7521,2449247.0,3.59
7550,2449259.0,3.98
7551,2449263.0,3.84
7556,2449267.0,4.1
7560,2449269.0,4.0
7603,2449284.0,4.02
7606,2449289.0,3.8
7607,2449294.0,4.0
7610,2449297.0,3.44
7620,2449307.0,4.0
7621,2449308.0,4.0
7624,2449310.0,3.99
7629,2449319.0,4.09
7633,2449327.0,3.8
7634,2449329.0,3.7
7635,2449331.0,4.02
7638,2449334.0,4.0
7639,2449338.0,4.12
7640,2449339.0,3.99
7641,2449341.0,4.02
7644,2449344.0,4.0
7645,2449346.0,3.69
7648,2449455.0,3.64
7649,2449483.0,3.99
7652,2449504.0,4.19
7653,2449505.0,3.54
7657,2449514.0,3.99
7658,2449515.0,4.19
7659,2449517.0,4.46
7665,2449521.0,3.79
7666,2449526.0,3.59
7667,2449527.0,3.58
7668,2449532.0,4.46
7671,2449535.0,3.7
7672,2449537.0,4.1
7673,2449538.0,4.46
7674,2449539.0,4.29
7675,2449541.0,3.59
7683,2449545.0,4.09
7684,2449547.0,3.85
7685,2449548.0,3.59
7689,2449550.0,3.89
7693,2449552.0,4.1
7694,2449553.0,4.66
7699,2449563.0,3.89
7702,2449565.0,3.4
7703,2449566.0,4.09
7704,2449568.0,4.19
7718,2449576.0,3.7
7731,2449582.0,4.29
7735,2449586.0,3.82
7738,2449589.0,4.2
7767,2449603.0,4.19
7772,2449605.0,3.7
7780,2449607.0,3.85
7785,2449613.0,3.59
7786,2449617.0,4.19
7787,2449622.0,3.83
7788,2449624.0,3.89
7789,2449627.0,3.44
7790,2449629.0,3.59
7798,2449636.0,3.99
7799,2449637.0,4.12
7800,2449638.0,4.19
7801,2449639.0,4.29
7802,2449640.0,4.19
7803,2449643.0,3.69
7806,2449648.0,3.82
7816,2449654.0,4.24
7821,2449661.0,3.92
7826,2449672.0,3.59
7827,2449676.0,3.92
7834,2449681.0,4.12
7835,2449685.0,3.52
7840,2449691.0,3.82
7841,2449692.0,3.82
7842,2449694.0,4.02
7843,2449695.0,4.02
7844,2449696.0,4.02
7845,2449705.0,4.12
7846,2449706.0,3.92
7847,2449710.0,4.22
7848,2449719.0,3.99
7849,2449780.0,3.99
7850,2449781.0,4.09
7851,2449786.0,3.54
7852,2449841.0,3.64
7853,2449843.0,3.44
7854,2449847.0,3.9
7855,2449850.0,3.82
7856,2449852.0,3.89
7857,2449862.0,4.02
7858,2449864.0,3.72
7859,2449865.0,3.7
7860,2449866.0,3.99
7861,2449867.0,3.99
7862,2449869.0,4.19
7863,2449870.0,4.09
7864,2449871.0,3.99
7865,2449883.0,4.19
7866,2449884.0,3.99
7870,2449889.0,4.0
7871,2449891.0,4.3
7882,2449896.0,3.92
7887,2449899.0,4.09
7891,2449902.0,3.99
7892,2449903.0,4.19
7896,2449905.0,4.04
7897,2449906.0,3.9
7898,2449912.0,3.92
7901,2449918.0,3.99
7969,2449937.0,3.72
7973,2449939.0,3.82
7976,2449941.0,4.22
7977,2449942.0,3.82
7997,2449948.0,4.25
7998,2449949.0,4.5
8052,2449969.0,4.4
8103,2449986.0,3.6
8104,2449987.0,3.9
8126,2449993.0,3.5
8160,2450004.0,4.0
8161,2450005.0,4.1
8233,2450021.0,3.72
8252,2450029.0,3.8
8253,2450030.0,3.9
8256,2450033.0,4.2
8264,2450038.0,3.5
8291,2450047.0,3.7
8295,2450050.0,3.5
8296,2450052.0,3.9
8300,2450055.0,4.3
8303,2450061.0,4.3
8308,2450066.0,4.0
8309,2450078.0,3.85
8312,2450080.0,3.92
8315,2450087.0,4.0
8318,2450130.0,3.6
8319,2450146.0,3.7
8320,2450152.0,3.7
8321,2450153.0,3.7
8322,2450155.0,4.2
8323,2450157.0,4.3
8324,2450163.0,4.2
8325,2450165.0,3.7
8328,2450173.0,3.44
8329,2450176.0,4.3
8330,2450181.0,3.8
8331,2450182.0,3.9
8332,2450184.0,4.3
8333,2450185.0,4.2
8334,2450191.0,4.1
8335,2450196.0,3.82
8336,2450198.0,4.1
8337,2450202.0,3.5
8338,2450205.0,4.1
8339,2450207.0,4.2
8340,2450208.0,3.8
8341,2450209.0,3.7
8342,2450213.0,4.5
8343,2450214.0,4.7
8344,2450216.0,3.5
8345,2450217.0,3.69
8346,2450219.0,4.09
8347,2450222.0,4.4
8348,2450223.0,3.5
8349,2450224.0,3.7
8350,2450225.0,3.6
8351,2450226.0,3.9
8352,2450230.0,3.6
8353,2450234.0,4.1
8356,2450239.0,3.69
8357,2450241.0,4.3
8366,2450246.0,3.5
8367,2450247.0,3.6
8382,2450252.0,3.64
8385,2450254.0,3.9
8386,2450255.0,4.3
8387,2450257.0,4.5
8388,2450258.0,4.1
8398,2450262.0,4.1
8399,2450263.0,4.3
8402,2450265.0,3.9
8405,2450267.0,3.5
8406,2450268.0,3.84
8407,2450269.0,4.2
8413,2450272.0,4.2
8466,2450291.0,4.1
8496,2450306.0,4.24
8497,2450307.0,4.25
8525,2450316.0,3.8
8534,2450321.0,4.1
8535,2450322.0,4.2
8608,2450349.0,4.3
8611,2450351.0,4.6
8675,2450371.0,4.3
8707,2450379.0,4.6
8710,2450381.0,3.7
8714,2450385.0,4.2
8725,2450389.0,3.9
8735,2450393.0,4.6
8755,2450398.0,4.3
8756,2450399.0,4.2
8762,2450402.0,4.1
8763,2450404.0,3.6
8764,2450406.0,4.02
8765,2450407.0,4.6
8766,2450408.0,4.02
8782,2450413.0,4.2
8783,2450414.0,4.3
8784,2450415.0,3.98
8808,2450422.0,4.1
8813,2450426.0,3.9
8814,2450427.0,4.0
8815,2450428.0,4.2
8816,2450431.0,3.48
8817,2450432.0,3.8
8818,2450433.0,3.9
8826,2450442.0,4.2
8829,2450446.0,3.92
8830,2450450.0,4.2
8831,2450451.0,4.1
8832,2450452.0,3.5
8833,2450479.0,4.2
8834,2450481.0,4.1
8835,2450494.0,4.36
8836,2450497.0,4.2
8837,2450498.0,4.2
8838,2450503.0,3.7
8839,2450515.0,4.3
8840,2450529.0,4.2
8841,2450535.0,4.1
8842,2450539.0,3.2
8843,2450541.0,3.8
8844,2450543.0,4.1
8845,2450546.0,3.7
8846,2450547.0,3.7
8847,2450556.0,4.1
8850,2450573.0,4.2
8851,2450575.0,3.6
8852,2450577.0,3.6
8853,2450579.0,4.4
8856,2450582.0,4.0
8857,2450584.0,4.1
8858,2450585.0,4.2
8859,2450587.0,4.4
8860,2450588.0,4.3
8861,2450591.0,3.9
8862,2450592.0,4.04
8863,2450596.0,4.1
8864,2450598.0,3.99
8865,2450599.0,3.72
8868,2450601.0,4.4
8871,2450609.0,4.2
8876,2450624.0,3.6
8877,2450631.0,3.9
8888,2450637.0,4.4
8907,2450644.0,4.7
8908,2450645.0,4.0
8909,2450647.0,3.7
8910,2450648.0,3.9
8917,2450651.0,4.1
8920,2450653.0,4.2
8958,2450663.0,3.9
8964,2450666.0,4.6
9012,2450678.0,3.9
9333,2450752.0,4.0
9353,2450761.0,3.72
9354,2450762.0,3.62
9365,2450768.0,3.6
9373,2450772.0,4.1
9374,2450773.0,4.4
9379,2450776.0,3.6
9380,2450777.0,4.1
9383,2450781.0,4.6
9387,2450783.0,3.62
9388,2450784.0,4.02
9391,2450788.0,4.3
9392,2450789.0,3.7
9393,2450791.0,4.0
9396,2450795.0,4.0
9397,2450797.0,3.4
9398,2450798.0,3.9
9399,2450799.0,3.9
9400,2450800.0,4.1
9404,2450802.0,4.5
9405,2450807.0,4.12
9410,2450816.0,4.22
9411,2450819.0,3.62
9412,2450820.0,3.8
9413,2450828.0,4.12
9414,2450830.0,4.64
9415,2450838.0,4.46
9416,2450933.0,3.94
9417,2450937.0,4.1
9418,2450944.0,4.06
9419,2450952.0,4.16
9420,2450953.0,4.36
9421,2450955.0,3.6
9422,2450960.0,4.16
9423,2450962.0,3.9
9426,2450966.0,4.5
9427,2450969.0,3.65
9428,2450970.0,3.56
9429,2450977.0,3.56
9430,2450978.0,3.8
9431,2450980.0,4.16
9432,2450981.0,4.36
9433,2450985.0,3.86
9434,2450986.0,3.9
9438,2450988.0,4.2
9439,2450989.0,4.3
9444,2450992.0,3.89
9448,2450994.0,3.94
9449,2450995.0,4.1
9450,2450996.0,4.3
9472,2451006.0,3.8
9476,2451008.0,4.0
9479,2451010.0,4.5
9493,2451015.0,3.9
9529,2451026.0,3.9
9548,2451032.0,4.2
9648,2451061.0,4.4
9716,2451079.0,4.0
9719,2451081.0,4.3
9727,2451085.0,3.5
9730,2451087.0,3.94
9741,2451094.0,3.92
9788,2451111.0,4.6
9805,2451115.0,3.8
9806,2451116.0,4.1
9817,2451120.0,3.8
9825,2451124.0,4.1
9826,2451125.0,4.2
9843,2451132.0,4.3
9854,2451137.0,3.3
9860,2451141.0,3.6
9861,2451142.0,3.7
9862,2451143.0,3.6
9863,2451144.0,4.02
9872,2451148.0,4.5
9873,2451149.0,3.6
9888,2451156.0,3.7
9889,2451157.0,3.9
9890,2451159.0,4.2
9893,2451161.0,4.5
9894,2451162.0,4.6
9897,2451164.0,3.5
9898,2451165.0,4.0
9899,2451166.0,4.0
9900,2451167.0,4.34
9905,2451171.0,3.7
9906,2451173.0,3.9
9907,2451175.0,4.04
9908,2451176.0,3.92
9909,2451178.0,4.0
9910,2451183.0,4.66
9911,2451185.0,3.5
9912,2451189.0,4.23
9913,2451190.0,4.42
9914,2451191.0,4.22
9915,2451215.0,3.5
9916,2451218.0,4.2
9917,2451220.0,4.0
9918,2451222.0,4.2
9919,2451225.0,4.0
9920,2451226.0,4.3
9921,2451228.0,3.6
9922,2451231.0,4.0
9923,2451232.0,4.2
9926,2451254.0,4.4
9927,2451256.0,3.6
9930,2451266.0,4.0
9931,2451271.0,3.9
9932,2451273.0,4.2
9933,2451274.0,4.2
9934,2451283.0,4.6
9935,2451287.0,4.1
9936,2451288.0,4.3
9937,2451290.0,4.2
9938,2451293.0,3.6
9939,2451296.0,4.3
9940,2451298.0,4.5
9947,2451306.0,4.2
9948,2451308.0,3.9
9949,2451309.0,3.9
9950,2451312.0,4.2
9956,2451318.0,4.4
9957,2451319.0,4.5
9962,2451322.0,3.7
9965,2451325.0,4.5
9966,2451333.0,4.4
9967,2451334.0,3.7
9970,2451345.0,4.0
9971,2451347.0,3.6
9972,2451348.0,4.2
9977,2451351.0,3.9
9978,2451352.0,3.9
9981,2451354.0,4.0
9982,2451358.0,3.8
9983,2451360.0,4.2
9986,2451362.0,4.4
9987,2451364.0,3.6
9988,2451365.0,3.5
9989,2451366.0,4.0
9990,2451367.0,4.1
10010,2451373.0,4.2
10016,2451376.0,4.2
10167,2451418.0,4.2
10258,2451436.0,3.7
10278,2451445.0,4.0
10284,2451447.0,4.4
10293,2451450.0,3.55
10362,2451472.0,3.6
10363,2451473.0,4.0
10364,2451475.0,4.3
10367,2451478.0,4.1
10388,2451485.0,3.92
10396,2451489.0,4.1
10403,2451492.0,3.8
10409,2451496.0,4.0
10414,2451501.0,3.5
10418,2451505.0,4.6
10423,2451509.0,3.9
10426,2451513.0,4.2
10427,2451514.0,3.72
10428,2451515.0,3.9
10429,2451517.0,3.72
10443,2451522.0,3.7
10444,2451523.0,3.9
10447,2451525.0,4.5
10452,2451534.0,4.2
10453,2451535.0,4.0
10454,2451536.0,3.7
10455,2451537.0,3.9
10456,2451545.0,4.0
10457,2451546.0,4.2
10460,2451551.0,4.0
10461,2451637.0,3.6
10462,2451661.0,3.7
10463,2451663.0,4.2
10464,2451666.0,3.6
10465,2451670.0,4.3
10466,2451671.0,4.5
10469,2451674.0,4.0
10470,2451675.0,4.2
10471,2451677.0,4.2
10472,2451680.0,3.5
10473,2451681.0,3.6
10474,2451688.0,4.2
10475,2451690.0,4.2
10476,2451691.0,4.3
10479,2451694.0,3.6
10480,2451695.0,3.5
10486,2451698.0,4.2
10494,2451703.0,4.1
10500,2451707.0,4.5
10503,2451710.0,3.6
10504,2451711.0,3.6
10508,2451714.0,3.6
10523,2451720.0,4.5
10531,2451724.0,4.0
10534,2451726.0,4.1
10568,2451736.0,3.9
10651,2451759.0,3.5
10652,2451760.0,3.5
10839,2451800.0,4.5
10854,2451807.0,4.4
10926,2451821.0,4.2
10934,2451824.0,3.8
10935,2451825.0,3.9
10936,2451826.0,4.2
10937,2451827.0,4.2
10964,2451835.0,4.3
11019,2451848.0,4.1
11030,2451851.0,4.1
11034,2451855.0,4.5
11035,2451856.0,4.5
11036,2451859.0,3.6
11037,2451860.0,4.1
11040,2451862.0,3.6
11041,2451864.0,4.6
11048,2451872.0,4.0
11049,2451873.0,3.6
11050,2451874.0,3.9
11062,2451884.0,4.1
11063,2451886.0,4.4
11064,2451888.0,3.8
11065,2451889.0,3.7
11066,2451891.0,4.4
11070,2451896.0,3.9
11071,2451897.0,4.0
11072,2451898.0,3.6
11075,2451902.0,3.6
11076,2451909.0,3.9
11077,2451993.0,4.3
11078,2451995.0,3.6
11079,2452010.0,3.6
11080,2452012.0,3.6
11081,2452014.0,4.2
11082,2452015.0,4.0
11083,2452016.0,4.2
11084,2452017.0,3.5
11085,2452018.0,3.9
11088,2452020.0,4.2
11089,2452022.0,4.2
11090,2452023.0,4.3
11091,2452026.0,3.9
11096,2452031.0,3.5
11097,2452034.0,3.9
11100,2452040.0,3.9
11101,2452042.0,4.0
11102,2452047.0,3.8
11103,2452048.0,3.6
11104,2452049.0,4.1
11105,2452050.0,3.9
11106,2452053.0,3.5
11109,2452056.0,4.1
11110,2452058.0,4.2
11114,2452061.0,3.9
11115,2452063.0,4.2
11116,2452064.0,4.3
11119,2452070.0,4.0
11120,2452071.0,4.2
11121,2452073.0,4.0
11122,2452074.0,3.7
11123,2452075.0,3.8
11126,2452079.0,4.3
11127,2452080.0,3.7
11159,2452091.0,3.9
11166,2452094.0,4.2
11169,2452096.0,3.7
11174,2452099.0,3.9
11260,2452123.0,3.5
11261,2452124.0,4.2
11264,2452126.0,3.7
11505,2452184.0,3.7
11556,2452197.0,3.8
11562,2452199.0,4.0
11563,2452200.0,4.1
11584,2452206.0,3.7
11594,2452210.0,3.6
11603,2452214.0,4.0
11604,2452215.0,4.0
11620,2452221.0,4.1
11623,2452223.0,4.4
11633,2452228.0,4.1
11650,2452235.0,3.9
11653,2452240.0,3.8
11654,2452241.0,3.9
11655,2452244.0,4.1
11659,2452246.0,3.8
11660,2452247.0,3.7
11661,2452248.0,3.9
11662,2452250.0,4.0
11665,2452252.0,4.2
11669,2452254.0,3.9
11670,2452258.0,4.2
11671,2452259.0,4.0
11672,2452260.0,3.5
11673,2452262.0,3.7
11674,2452265.0,4.3
11675,2452266.0,3.5
11676,2452268.0,4.0
11677,2452269.0,3.5
11678,2452270.0,3.6
11679,2452271.0,3.8
11684,2452274.0,4.5
11687,2452277.0,4.3
11688,2452279.0,4.4
11689,2452281.0,4.4
11690,2452282.0,4.0
11691,2452285.0,4.2
11692,2452305.0,3.9
11693,2452345.0,4.2
11694,2452346.0,4.1
11695,2452352.0,4.2
11696,2452363.0,3.9
11697,2452364.0,3.8
11698,2452368.0,4.1
11699,2452377.0,3.6
11700,2452385.0,3.8
11701,2452392.0,4.0
11702,2452395.0,4.1
11703,2452396.0,3.9
11704,2452397.0,3.6
11707,2452400.0,4.1
11708,2452402.0,4.2
11709,2452408.0,3.9
11710,2452413.0,3.8
11711,2452419.0,3.7
11712,2452425.0,3.9
11713,2452426.0,3.6
11714,2452427.0,3.8
11715,2452429.0,4.1
11716,2452430.0,4.2
11717,2452431.0,4.2
11718,2452433.0,3.7
11722,2452437.0,3.9
11723,2452438.0,4.2
11724,2452439.0,4.0
11728,2452441.0,3.7
11729,2452442.0,3.9
11736,2452446.0,4.0
11744,2452450.0,3.9
11747,2452452.0,4.1
11753,2452455.0,3.6
11754,2452456.0,3.9
11755,2452457.0,4.0
11756,2452459.0,4.0
11782,2452467.0,4.4
11808,2452475.0,3.9
11853,2452492.0,3.9
11925,2452510.0,4.2
12034,2452535.0,3.5
12068,2452546.0,4.3
12119,2452561.0,4.0
12120,2452562.0,3.8
12142,2452570.0,3.6
12150,2452573.0,3.7
12156,2452576.0,3.6
12163,2452580.0,4.1
12187,2452589.0,4.0
12188,2452590.0,4.1
12189,2452591.0,3.5
12194,2452594.0,3.8
12195,2452595.0,3.9
12199,2452597.0,4.1
12202,2452599.0,3.9
12203,2452600.0,3.5
12215,2452604.0,3.9
12225,2452611.0,4.2
12230,2452614.0,3.7
12233,2452617.0,4.1
12237,2452619.0,4.1
12238,2452620.0,3.6
12241,2452622.0,4.0
12242,2452623.0,4.1
12243,2452625.0,4.2
12244,2452627.0,4.0
12245,2452628.0,3.6
12246,2452629.0,3.8
12247,2452630.0,3.8
12248,2452631.0,4.2
12249,2452632.0,4.3
12250,2452633.0,4.4
12251,2452634.0,3.8
12252,2452635.0,3.9
12253,2452640.0,4.0
12256,2452643.0,3.8
12259,2452648.0,3.7
12260,2452649.0,3.8
12263,2452693.0,3.6
12264,2452698.0,4.1
12265,2452721.0,3.6
12266,2452726.0,4.2
12267,2452744.0,3.9
12268,2452746.0,4.1
12269,2452757.0,3.5
12270,2452764.0,3.6
12277,2452783.0,4.4
12278,2452784.0,3.7
12279,2452785.0,3.9
12280,2452789.0,4.4
12283,2452791.0,4.5
12284,2452792.0,3.5
12285,2452793.0,3.9
12288,2452795.0,4.1
12289,2452796.0,4.8
12299,2452801.0,4.1
12300,2452802.0,3.9
12303,2452804.0,4.8
12304,2452805.0,5.0
12305,2452806.0,4.0
12306,2452807.0,3.6
12311,2452809.0,4.2
12316,2452812.0,4.9
12317,2452813.0,3.5
12323,2452816.0,3.9
12326,2452818.0,4.9
12331,2452820.0,3.5
12349,2452828.0,3.5
12352,2452830.0,3.9
12358,2452833.0,4.2
12359,2452834.0,3.9
12625,2452893.0,3.6
12626,2452894.0,4.0
12682,2452912.0,4.1
12711,2452921.0,3.5
12728,2452928.0,3.7
12750,2452934.0,4.1
12774,2452943.0,3.5
12777,2452946.0,4.1
12780,2452948.0,4.3
12781,2452949.0,4.3
12807,2452963.0,3.9
12816,2452967.0,4.1
12817,2452968.0,4.4
12824,2452973.0,4.0
12825,2452976.0,4.2
12826,2452977.0,4.4
12827,2452978.0,4.1
12828,2452980.0,3.9
12829,2452982.0,4.0
12835,2452986.0,3.5
12840,2452993.0,3.6
12841,2452995.0,3.7
12847,2452998.0,4.3
12848,2452999.0,4.2
12849,2453001.0,4.1
12852,2453018.0,4.0
12855,2453101.0,3.9
12856,2453110.0,2.27
12867,2453137.0,3.9
12870,2453146.0,4.0
12871,2453148.0,4.5
12876,2453151.0,4.0
12877,2453152.0,4.0
12878,2453153.0,3.5
12879,2453154.0,3.8
12883,2453156.0,4.2
12886,2453162.0,4.1
12887,2453163.0,3.9
12892,2453166.0,3.8
12895,2453168.0,4.0
12902,2453172.0,4.0
12903,2453173.0,3.8
12907,2453175.0,4.0
12908,2453176.0,4.1
12915,2453180.0,3.5
12924,2453184.0,4.0
12931,2453188.0,3.6
12932,2453189.0,3.7
12951,2453198.0,4.0
12958,2453201.0,3.5
12984,2453209.0,3.6
13008,2453216.0,3.6
13009,2453217.0,4.1
13012,2453219.0,4.3
13013,2453220.0,4.1
13203,2453253.0,3.7
13380,2453277.0,3.9
13472,2453295.0,3.5
13492,2453301.0,3.6
13500,2453305.0,4.3
13508,2453308.0,3.9
13514,2453312.0,4.0
13540,2453321.0,4.1
13555,2453327.0,3.9
13556,2453328.0,4.1
13565,2453332.0,4.0
13569,2453334.0,4.1
13570,2453335.0,4.3
13576,2453338.0,3.6
13579,2453341.0,4.4
13587,2453346.0,3.6
13590,2453350.0,4.0
13594,2453352.0,3.7
13600,2453355.0,4.2
13607,2453360.0,3.6
13608,2453363.0,4.2
13609,2453366.0,3.5
13610,2453368.0,4.0
13611,2453369.0,3.8
13612,2453375.0,4.1
13613,2453381.0,3.9
13614,2453446.0,4.3
13615,2453465.0,3.6
13616,2453468.0,3.6
13617,2453474.0,4.1
13618,2453476.0,3.9
13619,2453477.0,4.1
13620,2453478.0,4.2
13621,2453479.0,4.4
13622,2453480.0,4.4
13623,2453483.0,4.4
13624,2453487.0,4.3
13625,2453488.0,4.4
13626,2453490.0,4.0
13627,2453493.0,4.4
13630,2453495.0,4.3
13631,2453496.0,3.7
13632,2453498.0,3.9
13633,2453499.0,4.3
13636,2453501.0,4.4
13637,2453502.0,4.2
13644,2453505.0,3.9
13645,2453506.0,4.3
13646,2453508.0,4.4
13647,2453510.0,3.5
13648,2453511.0,4.4
13653,2453513.0,4.4
13654,2453514.0,4.0
13666,2453521.0,4.3
13676,2453526.0,3.9
13681,2453531.0,3.4
13690,2453539.0,3.4
13691,2453540.0,4.2
13700,2453544.0,4.0
13703,2453546.0,3.5
13704,2453548.0,3.9
13711,2453551.0,4.1
13712,2453552.0,3.8
13932,2453597.0,3.8
14538,2453689.0,3.7
14568,2453697.0,4.0
14579,2453701.0,4.0
14580,2453702.0,4.1
14581,2453703.0,3.7
14585,2453705.0,3.8
14586,2453708.0,4.5
14587,2453710.0,4.2
14592,2453713.0,4.1
14593,2453715.0,4.2
14594,2453716.0,3.8
14599,2453722.0,4.1
14602,2453724.0,4.3
14603,2453725.0,4.0
14606,2453729.0,4.1
14607,2453730.0,4.2
14613,2453733.0,3.8
14614,2453735.0,3.8
14615,2453736.0,4.0
14616,2453738.0,4.0
14619,2453740.0,4.0
14620,2453777.0,4.1
14621,2453787.0,4.3
14622,2453792.0,3.9
14623,2453793.0,4.1
14624,2453799.0,4.0
14625,2453800.0,4.1
14626,2453801.0,4.4
14627,2453809.0,4.5
14628,2453812.0,3.9
14629,2453814.0,4.0
14630,2453815.0,4.1
14631,2453817.0,4.2
14632,2453818.0,4.1
14633,2453837.0,4.2
14634,2453847.0,3.7
14635,2453849.0,3.9
14636,2453852.0,4.2
14637,2453853.0,4.4
14638,2453854.0,4.1
14639,2453855.0,3.6
14640,2453856.0,3.9
14641,2453863.0,3.9
14642,2453865.0,4.1
14643,2453868.0,3.4
14644,2453876.0,5.0
14647,2453879.0,4.0
14648,2453881.0,4.3
14649,2453882.0,4.0
14655,2453886.0,4.2
14656,2453887.0,4.2
14665,2453892.0,3.9
14692,2453902.0,4.35
15764,2454051.0,4.0
15765,2454052.0,4.2
15812,2454065.0,4.2
15818,2454067.0,3.9
15821,2454069.0,3.7
15822,2454071.0,3.9
15823,2454074.0,4.0
15824,2454076.0,3.9
15841,2454082.0,4.2
15860,2454092.0,4.0
15866,2454099.0,3.9
15869,2454102.0,4.1
15870,2454105.0,4.1
15871,2454108.0,4.0
15872,2454149.0,3.4
15873,2454151.0,3.9
15874,2454165.0,3.6
15875,2454168.0,3.9
15876,2454170.0,3.4
15877,2454172.0,3.7
15878,2454173.0,3.8
15879,2454174.0,3.85
15880,2454175.0,3.95
15881,2454176.0,4.05
15882,2454182.0,4.2
15883,2454187.0,3.6
15884,2454195.0,3.85
15885,2454196.0,3.95
15886,2454197.0,3.95
15889,2454201.0,3.7
15890,2454203.0,3.85
15891,2454204.0,4.6
15892,2454207.0,3.5
15893,2454210.0,3.7
15894,2454214.0,3.7
15895,2454217.0,4.2
15896,2454218.0,4.2
15897,2454222.0,3.8
15898,2454225.0,3.95
15899,2454234.0,4.2
15900,2454235.0,3.5
15901,2454241.0,4.2
15902,2454242.0,3.6
15903,2454246.0,4.15
15907,2454252.0,3.9
15908,2454256.0,3.9
15918,2454261.0,6.3
15933,2454266.0,4.1
15962,2454273.0,4.0
15968,2454275.0,4.1
15975,2454278.0,3.7
15990,2454282.0,4.5
15991,2454284.0,4.2
15992,2454285.0,3.4
16143,2454311.0,4.1
16702,2454399.0,4.0
16730,2454409.0,6.5
16751,2454417.0,4.0
16752,2454419.0,4.4
16753,2454420.0,4.15
16757,2454422.0,4.0
16758,2454423.0,4.1
16759,2454424.0,4.1
16760,2454426.0,4.3
16763,2454429.0,3.6
16769,2454433.0,4.1
16773,2454435.0,4.1
16776,2454440.0,4.2
16777,2454441.0,4.2
16778,2454442.0,4.1
16779,2454443.0,3.9
16782,2454445.0,4.0
16783,2454447.0,4.4
16784,2454449.0,3.8
16785,2454450.0,4.0
16790,2454457.0,3.8
16791,2454532.0,3.75
16792,2454538.0,3.9
16793,2454545.0,3.75
16794,2454555.0,4.15
16795,2454557.0,4.15
16796,2454562.0,4.2
16797,2454587.0,3.8
16798,2454594.0,3.5
16799,2454596.0,4.0
16800,2454612.0,3.9
16801,2454614.0,3.6
16812,2454622.0,3.7
16818,2454627.0,3.8
16845,2454638.0,3.9
16848,2454640.0,4.0
17345,2454722.0,4.1
17346,2454723.0,3.7
17347,2454724.0,3.7
17480,2454755.0,4.2
17481,2454756.0,4.5
17531,2454765.0,3.75
17611,2454787.0,4.0
17620,2454790.0,3.9
17626,2454792.0,4.5
17635,2454797.0,4.2
17638,2454799.0,4.6
17639,2454800.0,4.5
17640,2454801.0,3.7
17643,2454804.0,4.2
17644,2454806.0,4.2
17645,2454808.0,3.9
17652,2454812.0,4.1
17653,2454822.0,4.0
17654,2454826.0,4.0
17655,2454832.0,4.0
17656,2454925.0,3.95
17657,2454932.0,3.6
17658,2454934.0,4.0
17659,2454939.0,3.5
17660,2454940.0,3.9
17661,2454943.0,4.1
17664,2454949.0,3.9
17667,2454964.0,3.3
17670,2454970.0,3.3
17671,2454972.0,4.3
17672,2454975.0,4.0
17675,2454979.0,3.9
17676,2454981.0,3.6
17677,2454983.0,3.9
17678,2454985.0,4.1
17679,2454986.0,4.1
17683,2454989.0,3.5
17684,2454992.0,4.0
17685,2454993.0,3.9
17686,2454994.0,4.1
17687,2454995.0,3.9
17693,2454997.0,3.9
17694,2454998.0,4.0
17699,2455002.0,3.9
17700,2455005.0,4.0
17704,2455007.0,4.2
17719,2455013.0,4.0
17731,2455020.0,3.7
17732,2455021.0,4.0
18470,2455107.0,3.9
18498,2455114.0,4.25
18530,2455120.0,4.0
18606,2455137.0,3.9
18616,2455140.0,3.6
18668,2455149.0,4.0
18736,2455163.0,3.9
18744,2455166.0,3.6
18745,2455167.0,3.6
18748,2455169.0,3.8
18751,2455175.0,3.6
18752,2455176.0,3.5
18753,2455178.0,3.8
18754,2455182.0,3.3
18755,2455183.0,3.7
18756,2455184.0,3.8
18757,2455192.0,3.7
18758,2455196.0,3.7
18759,2455197.0,3.7
18760,2455199.0,3.9
18761,2455205.0,3.9
18831,2455310.0,3.9
18848,2455318.0,3.8
18849,2455319.0,3.6
18850,2455320.0,3.8
18851,2455321.0,3.9
18852,2455326.0,3.64
18853,2455328.0,4.01
18854,2455333.0,3.5
18855,2455337.0,4.2
18856,2455338.0,4.26
18863,2455342.0,3.6
18869,2455345.0,4.0
18978,2455372.0,4.1
19009,2455382.0,3.6
19041,2455391.0,3.4
19078,2455401.0,4.1
19081,2455403.0,3.8
19440,2455464.0,3.7
19675,2455493.0,4.0
19820,2455513.0,3.8
19830,2455516.0,4.2
19831,2455517.0,4.4
19855,2455530.0,3.9
19856,2455531.0,4.1
19859,2455533.0,4.1
19860,2455536.0,3.6
19866,2455539.0,4.3
19873,2455542.0,4.0
19876,2455545.0,4.1
19881,2455549.0,3.4
19882,2455553.0,4.2
19883,2455555.0,3.5
19884,2455556.0,3.55
19887,2455559.0,4.1
19888,2455564.0,3.6
19889,2455565.0,3.9
19890,2455570.0,3.8
19891,2455623.0,3.9
19892,2455626.0,3.7
19893,2455655.0,3.8
19896,2455657.0,3.6
19897,2455658.0,3.6
19898,2455663.0,3.5
19903,2455667.0,3.9
19904,2455671.0,3.6
19907,2455678.0,3.5
19908,2455679.0,3.6
19909,2455680.0,3.6
19910,2455682.0,4.0
19911,2455684.0,3.5
19912,2455685.0,3.5
19913,2455686.0,3.5
19920,2455690.0,4.1
19921,2455696.0,4.1
19924,2455705.0,3.7
19925,2455706.0,3.6
19955,2455719.0,4.1
19963,2455723.0,3.8
19964,2455724.0,3.9
19970,2455727.0,4.0
19971,2455728.0,3.55
19974,2455732.0,4.3
19975,2455733.0,3.7
20080,2455757.0,3.6
20793,2455848.0,4.1
20980,2455873.0,4.0
20981,2455874.0,4.052
21060,2455894.0,3.9
21061,2455895.0,4.2
21067,2455897.0,4.1
21081,2455906.0,3.6
21087,2455913.0,4.0
21094,2455917.0,4.1
21097,2455922.0,4.0
21098,2455924.0,4.1
21101,2455930.0,3.9
21102,2455931.0,4.2
21103,2455937.0,3.1
21104,2455983.0,4.1
21105,2455988.0,4.0
21106,2455989.0,4.0
21107,2455993.0,4.4
21108,2455995.0,3.9
21109,2455998.0,4.2
21110,2456006.0,4.2
21111,2456008.0,3.6
21112,2456014.0,4.1
21115,2456016.0,3.6
21116,2456017.0,3.9
21119,2456020.0,4.3
21120,2456021.0,4.2
21121,2456024.0,3.9
21122,2456027.0,4.4
21123,2456032.0,3.9
21124,2456033.0,4.2
21125,2456036.0,3.6
21130,2456047.0,4.071
21131,2456049.0,4.5
21136,2456056.0,3.9
21137,2456058.0,3.5
21138,2456060.0,3.65
21139,2456061.0,4.1
21140,2456063.0,4.4
21141,2456064.0,4.2
21142,2456065.0,3.5
21143,2456067.0,4.1
21144,2456068.0,4.1
21145,2456069.0,3.7
21153,2456073.0,4.3
21158,2456077.0,4.4
21162,2456080.0,3.9
21274,2456119.0,4.1
21393,2456139.0,4.0
21568,2456171.0,4.5
21734,2456201.0,3.5
21745,2456205.0,4.0
21800,2456221.0,4.2
21807,2456224.0,3.6
21812,2456230.0,3.6
21813,2456232.0,3.7
21823,2456236.0,3.7
21832,2456239.0,3.6
21859,2456252.0,3.8
21863,2456254.0,4.1
21864,2456255.0,4.1
21865,2456256.0,4.3
21869,2456260.0,4.1
21870,2456261.0,3.9
21871,2456262.0,4.1
21872,2456265.0,3.8
21873,2456267.0,3.8
21874,2456268.0,3.9
21875,2456272.0,4.0
21876,2456273.0,3.5
21877,2456275.0,3.9
21878,2456277.0,4.1
21879,2456279.0,4.1
21880,2456281.0,3.75
21881,2456282.0,4.2
21882,2456333.0,4.2
21883,2456335.0,4.2
21884,2456342.0,4.55
21885,2456348.0,3.7
21886,2456362.0,3.6
21887,2456363.0,3.7
21888,2456373.0,3.65
21889,2456383.0,3.65
21890,2456386.0,4.45
21891,2456387.0,4.1
21892,2456390.0,3.6
21893,2456397.0,3.9
21894,2456398.0,3.7
21895,2456399.0,3.8
21901,2456402.0,3.5
21907,2456405.0,3.9
21910,2456407.0,4.1
21911,2456410.0,3.5
21912,2456411.0,3.6
21913,2456412.0,3.6
21916,2456419.0,3.6
21917,2456420.0,4.0
21920,2456423.0,3.65
21923,2456425.0,3.8
21924,2456427.0,3.7
21927,2456429.0,4.6
21928,2456431.0,3.6
21938,2456436.0,4.4
21939,2456440.0,3.8
21940,2456441.0,3.7
21941,2456443.0,4.4
21942,2456444.0,4.1
21943,2456445.0,3.5
21944,2456446.0,3.7
21945,2456447.0,3.6
21946,2456448.0,3.9
21951,2456450.0,4.1
21952,2456451.0,3.9
21965,2456456.0,4.2
22011,2456470.0,4.4
22162,2456496.0,3.8
22852,2456586.0,4.2
22929,2456607.0,4.4
22930,2456608.0,4.1
22946,2456615.0,4.4
22952,2456619.0,3.6
22963,2456623.0,4.1
22964,2456625.0,3.3
22965,2456626.0,3.7
22966,2456627.0,3.6
22971,2456630.0,4.3
22972,2456631.0,3.9
22973,2456633.0,3.7
22976,2456637.0,4.5
22977,2456638.0,4.05
22978,2456639.0,3.5
22979,2456641.0,3.8
22982,2456644.0,4.3
22983,2456648.0,3.9
22984,2456650.0,4.4
22985,2456655.0,3.7
22986,2456719.0,3.5
22987,2456734.0,3.7
22988,2456741.0,3.6
22989,2456743.0,4.0
22990,2456744.0,4.2
22991,2456745.0,3.9
22992,2456746.0,4.2
22993,2456747.0,3.6
22994,2456758.0,3.2
22997,2456771.0,3.9
22998,2456775.0,3.58
22999,2456776.0,3.5
23002,2456782.0,3.6
23003,2456784.0,3.4
23006,2456791.0,3.6
23007,2456793.0,3.8
23010,2456796.0,3.6
23013,2456799.0,3.4
23014,2456800.0,4.1
23015,2456801.0,4.3
23026,2456806.0,4.0
23040,2456810.0,4.45
23041,2456811.0,3.4
23051,2456816.0,4.1
23054,2456818.0,3.4
23055,2456819.0,3.65
23062,2456824.0,4.0
23072,2456827.0,3.5
23081,2456830.0,4.1
23089,2456833.0,3.6
23153,2456846.0,4.1
23154,2456847.0,3.85
23161,2456850.0,4.1
23162,2456851.0,4.5
23230,2456864.0,3.8
23307,2456879.0,3.9
23308,2456880.0,4.0
23309,2456881.0,4.4
23495,2456908.0,4.2
23641,2456934.0,3.7
23644,2456936.0,4.0
23685,2456947.0,3.8
23698,2456951.0,3.9
23764,2456961.0,4.1
23765,2456962.0,3.5
23781,2456968.0,4.0
23782,2456969.0,3.9
23789,2456971.0,3.6
23795,2456973.0,4.0
23805,2456978.0,3.9
23806,2456979.0,4.6
23812,2456982.0,4.0
23827,2456987.0,4.1
23830,2456989.0,4.3
23838,2456995.0,4.1
23842,2456999.0,3.7
23846,2457003.0,4.2
23847,2457005.0,3.6
23848,2457006.0,3.8
23849,2457007.0,4.1
23850,2457021.0,4.1
23851,2457023.0,3.9
23852,2457082.0,4.5
23853,2457093.0,3.9
23854,2457094.0,3.7
23857,2457098.0,3.5
23858,2457099.0,3.5
23859,2457100.0,3.9
23871,2457109.0,4.0
23872,2457111.0,4.6
23873,2457112.0,3.7
23879,2457120.0,3.5
23880,2457121.0,3.6
23881,2457122.0,3.6
23884,2457124.0,3.8
23892,2457129.0,3.9
23893,2457131.0,4.15
23894,2457132.0,4.55
23899,2457136.0,3.5
23900,2457137.0,3.9
23923,2457143.0,3.7
23930,2457150.0,3.9
23931,2457151.0,4.0
23932,2457152.0,3.9
23933,2457154.0,4.1
23937,2457157.0,3.65
23940,2457160.0,4.1
23949,2457163.0,3.5
23950,2457164.0,3.6
23963,2457171.0,3.7
23964,2457172.0,3.7
23967,2457174.0,3.9
23972,2457177.0,3.65
23979,2457182.0,4.4
23997,2457188.0,4.2
24030,2457197.0,4.1
24038,2457199.0,3.4
24054,2457204.0,4.6
24055,2457205.0,3.7
24058,2457207.0,3.63
24059,2457208.0,3.6
24063,2457211.0,4.3
25039,2457340.0,4.0
25042,2457343.0,3.7
25043,2457344.0,4.0
25053,2457350.0,3.35
25058,2457354.0,4.0
25059,2457355.0,4.7
25060,2457356.0,3.9
25061,2457358.0,3.6
25062,2457359.0,4.0
25063,2457360.0,3.6
25064,2457361.0,3.7
25071,2457367.0,4.2
25072,2457370.0,3.7
25078,2457377.0,4.2
25079,2457378.0,3.5
25080,2457381.0,4.0
25081,2457382.0,4.1
25082,2457387.0,3.72
25083,2457390.0,4.36
25084,2457391.0,4.14
25085,2457432.0,4.0
25086,2457433.0,4.1
25087,2457437.0,3.95
25088,2457445.0,3.65
25089,2457448.0,4.4
25090,2457450.0,3.5
25091,2457458.0,3.8
25092,2457460.0,4.1
25095,2457465.0,4.0
25096,2457466.0,3.6
25097,2457467.0,3.95
25100,2457470.0,4.1
25101,2457473.0,3.7
25102,2457474.0,4.0
25103,2457475.0,3.95
25104,2457476.0,3.9
25108,2457478.0,3.8
25111,2457482.0,3.7
25114,2457485.0,3.7
25115,2457487.0,3.5
25116,2457488.0,3.6
25121,2457492.0,4.2
25122,2457493.0,3.6
25126,2457495.0,3.95
25132,2457498.0,4.2
25135,2457502.0,3.6
25136,2457503.0,3.9
25137,2457506.0,3.65
25140,2457509.0,3.5
25141,2457510.0,3.6
25155,2457515.0,3.63
25156,2457516.0,3.65
25163,2457520.0,4.1
25164,2457521.0,3.95
25165,2457522.0,3.5
25168,2457524.0,3.5
25173,2457526.0,3.9
25191,2457530.0,3.6
25202,2457533.0,4.1
25203,2457534.0,4.2
25204,2457535.0,4.4
25205,2457537.0,3.97
25206,2457538.0,3.65
25218,2457541.0,4.2
25231,2457545.0,4.0
25236,2457547.0,3.8
25258,2457552.0,3.7
25266,2457555.0,4.1
25295,2457563.0,4.15
25430,2457584.0,4.4
25730,2457619.0,4.0
26283,2457675.0,3.8
26296,2457678.0,4.3
26393,2457696.0,3.83
26504,2457717.0,3.81
26505,2457718.0,3.6
26537,2457726.0,3.94
26538,2457727.0,4.12
26548,2457731.0,3.9
26551,2457735.0,4.7
26557,2457738.0,3.6
26558,2457741.0,4.2
26559,2457742.0,4.2
26564,2457748.0,4.2
26565,2457750.0,3.7
26566,2457752.0,3.9
26567,2457753.0,3.9
26568,2457754.0,3.8
26569,2457755.0,3.9
26570,2457756.0,4.0
26571,2457765.0,4.3
26572,2457794.0,3.67
26573,2457800.0,3.6
26574,2457803.0,3.9
26575,2457805.0,4.5
26576,2457811.0,3.9
26577,2457812.0,4.55
26578,2457816.0,3.4
26579,2457818.0,3.98
26580,2457820.0,4.3
26581,2457821.0,4.3
26585,2457830.0,3.65
26586,2457833.0,3.95
26587,2457838.0,3.5
26588,2457841.0,4.0
26591,2457845.0,3.6
26611,2457858.0,3.8
26612,2457860.0,3.5
26619,2457863.0,4.3
26620,2457864.0,4.4
26631,2457871.0,4.1
26635,2457873.0,3.5
26640,2457876.0,3.6
26664,2457886.0,4.6
26669,2457890.0,3.6
26674,2457893.0,4.2
26675,2457894.0,3.5
26676,2457895.0,3.5
26679,2457899.0,4.3
26699,2457905.0,4.0
26720,2457909.0,3.6
26747,2457914.0,4.05
26748,2457915.0,4.0
26768,2457920.0,3.9
26769,2457921.0,4.1
26802,2457928.0,3.7
26887,2457944.0,4.0
26888,2457945.0,3.58
27640,2458051.0,4.65
27674,2458063.0,4.27
27688,2458067.0,3.58
27761,2458090.0,3.7
27775,2458095.0,3.77
27776,2458096.0,3.57
27780,2458098.0,4.1
27781,2458099.0,3.9
27782,2458100.0,4.43
27785,2458103.0,3.6
27786,2458104.0,3.6
27791,2458107.0,4.3
27792,2458109.0,4.1
27793,2458110.0,3.95
27794,2458112.0,3.9
27795,2458115.0,4.5
27796,2458119.0,3.9
27799,2458122.0,4.1
27800,2458124.0,3.6
27801,2458135.0,3.2
27802,2458167.0,3.63
27803,2458176.0,3.9
27806,2458183.0,4.05
27807,2458184.0,3.6
27810,2458188.0,3.9
27811,2458189.0,3.5
27812,2458190.0,3.5
27813,2458192.0,3.2
27814,2458193.0,4.1
27815,2458195.0,4.1
27818,2458200.0,3.8
27825,2458202.0,4.1
27826,2458204.0,3.65
27841,2458218.0,3.5
27847,2458220.0,3.7
27848,2458221.0,3.9
27849,2458222.0,3.7
27850,2458224.0,4.0
27851,2458225.0,3.9
27852,2458226.0,3.5
27853,2458227.0,3.6
27866,2458231.0,4.1
27870,2458233.0,3.5
27887,2458244.0,4.55
27888,2458248.0,3.5
27891,2458253.0,4.0
27892,2458254.0,3.5
27903,2458258.0,3.5
27904,2458260.0,3.9
27905,2458261.0,3.5
27921,2458265.0,3.6
27929,2458268.0,3.6
27932,2458270.0,3.9
27939,2458274.0,3.7
27940,2458275.0,3.6
27978,2458287.0,4.1
28003,2458294.0,4.2
28011,2458298.0,3.6
28167,2458321.0,3.9
28168,2458322.0,4.2
28774,2458417.0,4.1
28775,2458418.0,4.1
28796,2458428.0,3.6
28800,2458433.0,3.8
28804,2458436.0,4.1
28810,2458439.0,3.9
28811,2458441.0,3.63
28812,2458442.0,3.5
28813,2458443.0,4.6
28814,2458445.0,4.1
28815,2458447.0,3.6
28816,2458449.0,3.9
28817,2458453.0,4.8
28818,2458455.0,3.8
28821,2458460.0,4.2
28822,2458461.0,3.6
28825,2458464.0,4.0
28826,2458465.0,4.2
28827,2458468.0,3.6
28828,2458471.0,3.7
28829,2458483.0,3.6
28830,2458529.0,3.5
28831,2458549.0,3.3
28832,2458561.0,4.4
28833,2458565.0,4.1
28836,2458567.0,4.53
28840,2458570.0,3.4
28841,2458572.0,3.7
28854,2458578.0,3.5
28862,2458586.0,3.5
28870,2458591.0,3.65
28892,2458603.0,4.1
28893,2458605.0,3.6
28896,2458607.0,3.6
28904,2458612.0,3.63
28905,2458615.0,4.0
28912,2458619.0,4.1
28913,2458625.0,4.55
28933,2458640.0,4.1
28946,2458645.0,4.0
28957,2458648.0,3.5
28985,2458660.0,4.1
29009,2458664.0,3.8
29092,2458679.0,4.0
29095,2458683.0,4.55
29113,2458687.0,4.0
29292,2458712.0,3.65
29478,2458736.0,3.7
29646,2458762.0,3.99
29823,2458788.0,4.34
29844,2458797.0,4.1
29845,2458798.0,4.3
29850,2458802.0,4.23
29859,2458805.0,3.6
29878,2458813.0,3.6
29879,2458816.0,4.3
29882,2458819.0,4.4
29883,2458820.0,3.6
29884,2458821.0,4.3
29885,2458822.0,3.6
29886,2458823.0,4.05
29891,2458826.0,4.2
29894,2458835.0,3.8
29895,2458836.0,4.0
29898,2458838.0,3.5
29901,2458840.0,4.5
29904,2458850.0,3.95
29905,2458897.0,4.55
29906,2458904.0,4.6
29907,2458909.0,3.7
29908,2458913.0,3.6
29909,2458925.0,4.55
29910,2458927.0,4.55
29911,2458930.0,3.9
29912,2458931.0,3.65
29913,2458932.0,3.8
29914,2458936.0,3.7
29915,2458937.0,3.8
29916,2458939.0,3.9
29917,2458941.0,4.5
29927,2458944.0,3.5
29928,2458945.0,3.6
29929,2458947.0,4.05
29935,2458950.0,3.5
29938,2458952.0,3.8
29939,2458953.0,3.9
29961,2458959.0,3.6
29977,2458964.0,3.6
29978,2458965.0,3.55
29979,2458966.0,3.8
29980,2458968.0,4.0
29997,2458974.0,3.7
30032,2458985.0,3.8
30033,2458986.0,3.53
30034,2458987.0,3.7
30037,2458990.0,4.1
30038,2458991.0,4.55
30039,2458992.0,3.92
30040,2458993.0,3.55
30046,2458997.0,4.5
30047,2458998.0,4.55
30069,2459003.0,3.9
30070,2459005.0,4.6
30071,2459006.0,4.1
30076,2459008.0,3.55
30114,2459014.0,4.15
30168,2459024.0,4.0
30302,2459053.0,4.0
30320,2459058.0,3.6
30338,2459063.0,4.28
30469,2459091.0,4.55
30535,2459103.0,3.8
30594,2459116.0,3.5
30608,2459122.0,3.7
30698,2459144.0,3.6
30737,2459154.0,4.5
30753,2459159.0,3.6
30765,2459164.0,4.0
30804,2459177.0,4.3
30805,2459178.0,4.3
30806,2459179.0,3.6
30817,2459188.0,3.5
30823,2459190.0,4.3
30824,2459191.0,4.3
30827,2459193.0,3.6
30834,2459196.0,3.7
30835,2459208.0,3.7
30836,2459305.0,3.8
30839,2459309.0,3.5
30840,2459312.0,3.7
30841,2459314.0,4.0
30842,2459315.0,4.0
30849,2459323.0,3.55
30850,2459327.0,3.8
30851,2459328.0,4.0
30852,2459337.0,3.55
30857,2459341.0,3.9
30858,2459343.0,4.5
30859,2459346.0,3.63
30876,2459350.0,4.2
30877,2459351.0,3.5
30878,2459352.0,3.55
30879,2459353.0,3.5
30880,2459354.0,3.6
30881,2459355.0,3.7
30886,2459360.0,3.6
30887,2459361.0,3.8
30888,2459362.0,3.65
30918,2459373.0,3.5
30971,2459385.0,4.2
30972,2459386.0,4.1
30977,2459389.0,3.5
30985,2459394.0,3.5
30993,2459397.0,3.6
31018,2459402.0,3.7
31050,2459412.0,4.0
31051,2459413.0,4.2
31063,2459419.0,3.9
31064,2459421.0,4.0
31159,2459439.0,3.7
31387,2459472.0,4.4
31576,2459514.0,4.3
31661,2459539.0,3.7
31681,2459544.0,4.3
31723,2459558.0,4.4
31734,2459564.0,3.3
31735,2459565.0,4.3
31739,2459567.0,4.3
31740,2459568.0,3.6
31741,2459569.0,4.1
31742,2459570.0,4.3
31743,2459576.0,3.3
31744,2459582.0,3.8
